	ir_id	ir_v2	ir_short	ir_full	vquest_file	vquest	igblast	mixcr	ir_curator_required	ir_curator	ir_turnkey	ir_ipa	ir_v1	ir_v1_sql	ir_class	ir_subclass	airr	airr_type	airr_full	airr_desc	airr_exp	
Classes	iReceptor Identifier	iReceptor v2	iReceptor Short Name	iReceptor Full Name	vQuest File	Vquest	igblast	MiXCR	Curator Fields that all studies should have	Curator Fields that should be in metadata	iReceptor Turnkey	iReceptor IPA	iReceptor v1	iReceptor v1 SQL		MiAIRR v0.1.0 Class	MiAIRR v0.1.0 Field Name	MiAIRR v0.1.0 type	MiAIRR v0.1.0 Full Name	MiAIRR v0.1.0 Description	MiAIRR v0.1.0 Example	
MiAIRR	study_id	study_id	Study ID	Study ID					study_id	study_id	study_id		sra_accession	sra_accession	repertoire	study	study_id	String 	Study	Unique ID assigned by study registry	PRJNA001	 
	study_title	study_title	Study title	Study title					study_title	study_title	study_title		project_name	project_name	repertoire	study	study_title	String 	Study title	Descriptive study title	Effects of sun light exposure of the Treg repertoire	 
	study_description	study_description	Study type	Study type					study_description	study_description	study_description		project_type	project_type	repertoire	study	study_description	String	Study type	Generic study design	Placebo controlled phase 3 clinical trial	 
	inclusion_exclusion_criteria	inclusion_exclusion_criteria	Study inclusion/exclusion criteria	Study inclusion/exclusion criteria						inclusion_exclusion_criteria	inclusion_exclusion_criteria				repertoire	study	inclusion_exclusion_criteria	String	Study inclusion/exclusion criteria	List of criteria for inclusion/exclusion for the study	Include: Clinical P. falciparum infection; Exclude: Seropositive for HIV	 
	grants	grants	Grant funding agency	Grant funding agency						grants	grants				repertoire	study	grants	String	Grant funding agency	Funding agencies and grant numbers	"NIH, award number R01GM987654"	 
	collected_by	collected_by	Contact information (data collection)	Contact information (data collection)						collected_by	collected_by				repertoire	study	collected_by	String	Contact information (data collection)	"Full contact information of the corresponding author, i.e. who is legally responsible for data collection and release. This should include an e-mail address."	p.stibbons@unseenu.edu	 
	lab_name	lab_name	Lab name	Lab name					lab_name	lab_name	lab_name		lab_name	lab_name	repertoire	study	lab_name	String	Lab name	Department of corresponding author	Stibbons Lab	 
	lab_address	lab_address	Lab address	Lab address						lab_address	lab_address				repertoire	study	lab_address	String	Lab address	Institutional address of corresponding author	"School of Medicine, Unseen University, Ankh-Morpork, Disk World"	 
	submitted_by	submitted_by	Contact information (data deposition)	Contact information (data deposition)						submitted_by	submitted_by				repertoire	study	submitted_by	String	Contact information (data deposition)	"Full contact information of the submitter, i.e. the person deposition the data"	Dr. P. Stibbons	 
	pub_ids	pub_ids	Relevant publications	Relevant publications					pub_ids	pub_ids	pub_ids				repertoire	study	pub_ids	String	Relevant publications	Publications describing the rationale and/or outcome of the study	PMID85642	 
	subject_id	subject_id	Subject ID	Subject ID					subject_id	subject_id	subject_id		subject_code	subject_code	repertoire	subject	subject_id	String	Subject ID	"Subject ID assigned by submitter, unique within study"	SUB856413	 
	synthetic	synthetic	Synthetic library	Synthetic library						synthetic	synthetic				repertoire	subject	synthetic	Boolean	Synthetic library	TRUE for libraries in which the diversity has been synthetically generated (e.g. phage display)	FALSE	 
	organism	organism	Organism	Organism					organism	organism	organism		subject_species	subject_species	repertoire	subject	organism	String	Organism	Binomial designation of subject's species	Homo sapiens	 
	sex	sex	Sex	Sex						sex	sex		subject_gender	subject_gender	repertoire	subject	sex	Char	Sex	Biological sex of subject	female	 
	age	age	Age	Age						age	age				repertoire	subject	age	String	Age	Absolute age of subject at time point `Age event`	65 a	 
	age_event	age_event	Age event	Age event						age_event	age_event				repertoire	subject	age_event	String	Age event	"Event in the study schedule to which `Age` refers to. For NCBI BioSample this MUST be `sampling`. For other implementations submitters need to be aware that there is currently no mechanism to encode to potential delta between `Age event` and `Sample collection time`, hence the chosen events should be in temporal proximity."	enrollment	 
	ancestry_population	ancestry_population	Ancestry population	Ancestry population						ancestry_population	ancestry_population				repertoire	subject	ancestry_population	String	Ancestry population	Broad geographic origin of ancestry (continent)	"list of continents, mixed or unknown"	 
	ethnicity	ethnicity	Ethnicity	Ethnicity						ethnicity	ethnicity		subject_ethnicity	subject_ethnicity	repertoire	subject	ethnicity	String	Ethnicity	Ethnic group of subject (defined as cultural/language-based membership)	"English, Kurds, Manchu, Yakuts (and other fields from Wikipedia)"	 
	race	race	Race	Race						race	race				repertoire	subject	race	String	Race	Racial group of subject (as defined by NIH)	"White, American Indian or Alaska Native, Black, Asian, Native Hawaiian or Other Pacific Islander, Other "	 
	strain_name	strain_name	Strain name	Strain name						strain_name	strain_name				repertoire	subject	strain_name	String	Strain name	Non-human: designation of the strain or breed of animal used	C57BL/6J	 
	linked_subjects	linked_subjects	Relation to other subjects	Relation to other subjects						linked_subjects	linked_subjects				repertoire	subject	linked_subjects	String	Relation to other subjects	Subject ID to which `Relation type` refers to	SUB1355648	 
	link_type	link_type	Relation type	Relation type						link_type	link_type				repertoire	subject	link_type	String	Relation type	"Relation between subject and `linked_subjects`, can be genetic or environmental (e.g.exposure)"	"father, daughter, household"	 
	study_group_description	study_group_description	Study group	Study group description						study_group_description	study_group_description		case_control_name	case_control_name	repertoire	diagnosis	study_group_description	String	Study group description	Designation of study arm to which the subject is assigned to	control	 
	disease_diagnosis	disease_diagnosis	Diagnosis	Diagnosis					disease_diagnosis	disease_diagnosis	disease_diagnosis				repertoire	diagnosis	disease_diagnosis	String	Diagnosis	Diagnosis of subject	Multiple myeloma	 
	disease_length	disease_length	Length of disease	Length of disease						disease_length	disease_length				repertoire	diagnosis	disease_length	String	Length of disease	Time duration between initial diagnosis and current intervention	23 months	 
	disease_stage	disease_stage	Disease stage	Disease stage						disease_stage	disease_stage				repertoire	diagnosis	disease_stage	String	Disease stage	Stage of disease at current intervention	Stage II	 
	prior_therapies	prior_therapies	Prior therapies for primary disease under study	Prior therapies for primary disease under study						prior_therapies	prior_therapies				repertoire	diagnosis	prior_therapies	String	Prior therapies for primary disease under study	List of all relevant previous therapies applied to subject for treatment of `Diagnosis`	melphalan/prednisone	 
	immunogen	immunogen	Immunogen/agent	Immunogen/agent						immunogen	immunogen				repertoire	diagnosis	immunogen	String	Immunogen/agent	"Antigen, vaccine or drug applied to subject at this intervention"	bortezomib	 
	intervention	intervention	Intervention definition	Intervention definition						intervention	intervention				repertoire	diagnosis	intervention	String	Intervention definition	Description of intervention	"systemic chemotherapy, 6 cycles, 1.25 mg/m2"	 
	medical_history	medical_history	Other relevant medical history	Other relevant medical history						medical_history	medical_history				repertoire	diagnosis	medical_history	String	Other relevant medical history	Medical history of subject that is relevant to assess the course of disease and/or treatment	"MGUS, first diagnosed 5 years prior"	 
	sample_id	sample_id	Sample ID	Biological sample ID					sample_id	sample_id	sample_id		sample_name	sample_name	repertoire	sample	sample_id	String	Biological sample ID	"Sample ID assigned by submitter, unique within study"	SUP52415	 
	sample_type	sample_type	Sample type	Sample type					sample_type	sample_type	sample_type				repertoire	sample	sample_type	String	Sample type	"The way the sample was obtained, e.g. fine-needle aspirate, organ harvest, peripheral venous puncture"	Biopsy	 
	tissue	tissue	Tissue	Tissue					tissue	tissue	tissue		sample_source_name	sample_source_name	repertoire	sample	tissue	String	Tissue	"The actual tissue sampled, e.g. lymph node, liver, peripheral blood"	Bone marrow	 
	anatomic_site	anatomic_site	Anatomic site	Anatomic site						anatomic_site	anatomic_site				repertoire	sample	anatomic_site	String	Anatomic site	"The anatomic location of the tissue, e.g. Inguinal, femur"	Iliac crest	 
	disease_state_sample	disease_state_sample	Sample disease state	Disease state of sample					disease_state_sample	disease_state_sample	disease_state_sample		disease_state_name	disease_state_name	repertoire	sample	disease_state_sample	String	Disease state of sample	Histopathologic evaluation of the sample	Tumor infiltration	 
	collection_time_point_relative	collection_time_point_relative	Sample collection time	Sample collection time						collection_time_point_relative	collection_time_point_relative				repertoire	sample	collection_time_point_relative	String	Sample collection time	"Time point at which sample was taken, relative to `Collection time event`"	14 d	 
	collection_time_point_reference	collection_time_point_reference	Collection time event	Collection time event						collection_time_point_reference	collection_time_point_reference				repertoire	sample	collection_time_point_reference	String	Collection time event	Event in the study schedule to which `Sample collection time` relates to	Primary vaccination	 
	biomaterial_provider	biomaterial_provider	Biomaterial provider	Biomaterial provider						biomaterial_provider	biomaterial_provider				repertoire	sample	biomaterial_provider	String	Biomaterial provider	Name and address of the entity providing the sample	"Tissues-R-Us, Tampa, FL, USA"	 
	tissue_processing	tissue_processing	Tissue processing	Tissue processing						tissue_processing	tissue_processing				repertoire	cell_processing	tissue_processing	String	Tissue processing	Enzymatic digestion and/or physical methods used to isolate cells from sample	"Collagenase A/Dnase I digested, followed by Percoll gradient"	 
	cell_subset	cell_subset	Cell subset	Cell subset					cell_subset	cell_subset	cell_subset		ireceptor_cell_subset_name	ireceptor_cell_subset_name	repertoire	cell_processing	cell_subset	String	Cell subset	Commonly-used designation of isolated cell population	Class-switched Memory B cells	 
	cell_phenotype	cell_phenotype	Cell subset phenotype	Cell subset phenotype						cell_phenotype	cell_phenotype		lab_cell_subset_name	lab_cell_subset_name	repertoire	cell_processing	cell_phenotype	String	Cell subset phenotype	List of cellular markers and their expression levels used to isolate the cell population	CD19+ CD38+ CD27+ IgM- IgD-	 
	single_cell	single_cell	Single-cell sort	Single-cell sort						single_cell	single_cell				repertoire	cell_processing	single_cell	Boolean	Single-cell sort	TRUE if single cells were isolated into separate compartments	FALSE	 
	cell_number	cell_number	Number of cells in experiment	Number of cells in experiment						cell_number	cell_number				repertoire	cell_processing	cell_number	Unsigned integer	Number of cells in experiment	Total number of cells that went into the experiment	1000000	 
	cells_per_reaction	cells_per_reaction	Number of cells per sequencing reaction	Number of cells per sequencing reaction						cells_per_reaction	cells_per_reaction		 	 	repertoire	cell_processing	cells_per_reaction	Unsigned integer	Number of cells per sequencing reaction	Number of cells for each biological repicate	50000	 
	cell_storage	cell_storage	Cell storage	Cell storage						cell_storage	cell_storage				repertoire	cell_processing	cell_storage	Boolean	Cell storage	TRUE if cells were cryo-preserved between isolation and further processing	TRUE	 
	cell_quality	cell_quality	Cell quality	Cell quality						cell_quality	cell_quality				repertoire	cell_processing	cell_quality	String	Cell quality	Relative amount of viable cells after preparation and (if applicable) thawing	90% viability as determined by 7-AAD	 
	cell_isolation	cell_isolation	Cell isolation / enrichment procedure	Cell isolation / enrichment procedure						cell_isolation	cell_isolation				repertoire	cell_processing	cell_isolation	String	Cell isolation / enrichment procedure	Description of the procedure used for marker-based isolation or enrich cells	Cells were stained with fluorochrome labeled antibodies and then sorted on a FlowMerlin (CE) cytometer	 
	cell_processing_protocol	cell_processing_protocol	Processing protocol	Processing protocol						cell_processing_protocol	cell_processing_protocol				repertoire	cell_processing	cell_processing_protocol	String	Processing protocol	Description of the methods applied to the sample including cell preparation/ isolation/enrichment and nucleic acid extraction. This should closely mirror the Materials and methods section in the manuscript	Stimulated wih anti-CD3/anti-CD28	 
	template_class	template_class	Target substrate	Target substrate						template_class	template_class		dna_type	dna_type	repertoire	nucleic_acid_processing	template_class	String	Target substrate	The class of nucleic acid that was used as primary starting material for the following procedures	RNA	 
	template_quality	template_quality	Target substrate quality	Target substrate quality						template_quality	template_quality				repertoire	nucleic_acid_processing	template_quality	String	Target substrate quality	Description and results of the quality control performed on the template material	RIN 9.2	 
	template_amount	template_amount	Template amount	Template amount						template_amount	template_amount				repertoire	nucleic_acid_processing	template_amount	Float	Template amount	Amount of template that went into the process	1000 ng	 
	library_generation_method	library_generation_method	Library generation method	Library generation method						library_generation_method	library_generation_method				repertoire	nucleic_acid_processing	library_generation_method	String	Library generation method	Generic type of library generation	Oligo-dT primed 5' RACE	 
	library_generation_protocol	library_generation_protocol	Library generation protocol	Library generation protocol						library_generation_protocol	library_generation_protocol				repertoire	nucleic_acid_processing	library_generation_protocol	String	Library generation protocol	Description of processes applied to substrate to obtain a library that is ready for sequencing	cDNA was generated using	 
	library_generation_kit_version	library_generation_kit_version	Protocol IDs	Protocol IDs						library_generation_kit_version	library_generation_kit_version				repertoire	nucleic_acid_processing	library_generation_kit_version	String	Protocol IDs	"When using a library generation protocol from a commercial provider, provide the protocol version number"	v2.1 (2016-09-15)	 
	pcr_target_locus	pcr_target_locus	Target locus for PCR	Target locus for PCR						pcr_target_locus	pcr_target_locus				repertoire	nucleic_acid_processing	pcr_target_locus	String	Target locus for PCR	Designation of the target locus according to standard gene nomencleature	Constant region vs. V region amplification	 
	forward_pcr_primer_target_location	forward_pcr_primer_target_location	Forward PCR primer target location	Forward PCR primer target location						forward_pcr_primer_target_location	forward_pcr_primer_target_location				repertoire	nucleic_acid_processing	forward_pcr_primer_target_location	String	Forward PCR primer target location	Position of the most distal nucleotide templated by the forward primer or primer mix	"IGHV, +23"	 
	reverse_pcr_primer_target_location	reverse_pcr_primer_target_location	Reverse PCR primer target location	Reverse PCR primer target location						reverse_pcr_primer_target_location	reverse_pcr_primer_target_location				repertoire	nucleic_acid_processing	reverse_pcr_primer_target_location	String	Reverse PCR primer target location	Position of the most proximal nucleotide templated by the reverse primer or primer mix	"IGHG, +57"	 
	complete_sequences	complete_sequences	Complete sequences	Complete sequences						complete_sequences	complete_sequences				repertoire	nucleic_acid_processing	complete_sequences	String	Complete sequences	"To be considered `complete`, the procedure used for library construction MUST generate sequences that 1) include the first V segment codon that encodes the mature polypeptide chain (i.e. after the leader sequence) and 2) include the last complete codon of the J segment (i.e. 1 bp 5' of the J->C splice site) and 3) provide sequence information for all positions between 1) and 2). To be considered `complete & untemplated`, the sections of the sequences defined in points 1) to 3) of the previous sentence MUST be untemplated, i.e. MUST NOT overlap with the primers used in library preparation."	partial	 
	physical_linkage	physical_linkage	Physical linkage of different loci	Physical linkage of different loci						physical_linkage	physical_linkage				repertoire	nucleic_acid_processing	physical_linkage	String	Physical linkage of different loci	Describes the mode of linkage if a method was used which physically links nucleic acids derived from distinct loci in a single-cell context	IGH-IGK/IGL-head/head	 
	total_reads_passing_qc_filter	total_reads_passing_qc_filter	Total reads passing QC filter	Total reads passing QC filter						total_reads_passing_qc_filter	total_reads_passing_qc_filter				repertoire	sequencing_run	total_reads_passing_qc_filter	Unsigned integer	Total reads passing QC filter	Number of usable reads for analysis	10365118	 
	sequencing_platform	sequencing_platform	Sequencing platform	Sequencing platform						sequencing_platform	sequencing_platform				repertoire	sequencing_run	sequencing_platform	String	Sequencing platform	Designation of sequencing instrument used	Alumina LoSeq 1000	 
	read_length	read_length	Read lengths	Read lengths						read_length	read_length				repertoire	sequencing_run	read_length	Unsigned integer	Read lengths	Read length in bases for each direction	"[300,300]"	 
	sequencing_facility	sequencing_facility	Sequencing facility	Sequencing facility						sequencing_facility	sequencing_facility				repertoire	sequencing_run	sequencing_facility	String	Sequencing facility	Name and address of sequencing facility	"Seqs-R-Us, Vancouver, BC, Canada"	 
	sequencing_run_id	sequencing_run_id	Batch number	Batch number						sequencing_run_id	sequencing_run_id				repertoire	sequencing_run	sequencing_run_id	String	Batch number	ID of sequencing run assigned by the sequencing facility	160101_M01234_0201_000000000-D2T7V	 
	sequencing_run_date	sequencing_run_date	Date of sequencing run	Date of sequencing run						sequencing_run_date	sequencing_run_date				repertoire	sequencing_run	sequencing_run_date	String	Date of sequencing run	Date of sequencing run	2016-12-16	 
	sequencing_kit	sequencing_kit	Sequencing kit	Sequencing kit						sequencing_kit	sequencing_kit				repertoire	sequencing_run	sequencing_kit	String	Sequencing kit	"Name, manufacturer, order and lot numbers of sequencing kit"	"FullSeq 600, Alumina, #M123456C0, 789G1HK"	 
			Raw sequence data	Raw sequence data											repertoire	data_raw_reads		Blob	Raw sequence data	Sequence and quality score of all passing reads	<n/a>	 
	software_versions	software_versions	Software tools and version numbers	Software tools and version numbers						software_versions	software_versions				repertoire	software_processing	software_versions	String	Software tools and version numbers	"Version number and / or date, include company pipelines"	IgBLAST 1.6	 
	paired_reads_assembly	paired_reads_assembly	Paired read assembly	Paired read assembly						paired_read_assembly	paired_read_assembly				repertoire	software_processing	paired_reads_assembly	String	Paired read assembly	How paired end reads were assembled into a single receptor sequence	"PandaSeq (minimal overlap 50, threshold 0.8)"	 
	quality_thresholds	quality_thresholds	Quality thresholds	Quality thresholds						quality_thresholds	quality_thresholds				repertoire	software_processing	quality_thresholds	String	Quality thresholds	How sequences were removed from (4) based on base quality scores		 
	primer_match_cutoffs	primer_match_cutoffs	Primer match cutoffs	Primer match cutoffs						primer_match_cutoffs	primer_match_cutoffs				repertoire	software_processing	primer_match_cutoffs	String	Primer match cutoffs	"How primers were identified in the sequences, were they removed/masked/etc?"		 
	collapsing_method	collapsing_method	Collapsing method	Collapsing method						collapsing_method	collapsing_method				repertoire	software_processing	collapsing_method	String	Collapsing method	The method used for combining multiple sequences from (4) into a single sequence in (5)	MUSCLE 3.8.31	 
	data_processing_protocols	data_processing_protocols	Data processing protocols	Data processing protocols						data_processing_protocols	data_processing_protocols				repertoire	software_processing	data_processing_protocols	String	Data processing protocols	General description of how QC is performed		 
iReceptor Metadata	ir_subject_age	ir_subject_age	Age										subject_age	subject_age	ir_repertoire	ir_metadata						 
	ir_sra_run_id	ir_sra_run_id	SRA ID							ir_sra_run_id			sra_run_id	sra_run_id	ir_repertoire	ir_metadata						 
	ir_marker_1	ir_marker_1	Marker 1										marker_1	marker_1	ir_repertoire	ir_metadata						 
	ir_marker_2	ir_marker_2	Marker 2										marker_2	marker_2	ir_repertoire	ir_metadata						 
	ir_marker_3	ir_marker_3	Marker 3										marker_3	marker_3	ir_repertoire	ir_metadata						 
	ir_marker_4	ir_marker_4	Marker 4										marker_4	marker_4	ir_repertoire	ir_metadata						 
	ir_marker_5	ir_marker_5	Marker 5										marker_5	marker_5	ir_repertoire	ir_metadata						 
	ir_marker_6	ir_marker_6	Marker 6										marker_6	marker_6	ir_repertoire	ir_metadata						 
	ir_project_sample_note	ir_project_sample_note	Sample Note										project_sample_note	project_sample_note	ir_repertoire	ir_metadata						 
	ir_subject_id	ir_subject_id											subject_id	subject_id	ir_repertoire	ir_metadata						 
	ir_project_id	ir_project_id											project_id	project_id	ir_repertoire	ir_metadata						 
	ir_project_parent_id	ir_project_parent_id											project_parent_id	project_parent_id	ir_repertoire	ir_metadata						 
	ir_lab_id	ir_lab_id											lab_id	lab_id	ir_repertoire	ir_metadata						 
	ir_disease_state_id	ir_disease_state_id											disease_state_id	disease_state_id	ir_repertoire	ir_metadata						 
	ir_case_control_id	ir_case_control_id											case_control_id	case_control_id	ir_repertoire	ir_metadata						 
	ir_sample_id	ir_sample_id											sample_id	sample_id	ir_repertoire	ir_metadata						 
	ir_project_sample_id	ir_project_sample_id											project_sample_id	project_sample_id	ir_repertoire	ir_metadata						 
	ir_sample_subject_id	ir_sample_subject_id											sample_subject_id	sample_subject_id	ir_repertoire	ir_metadata						 
	ir_dna_id	ir_dna_id											dna_id	dna_id	ir_repertoire	ir_metadata						 
	ir_sample_source_id	ir_sample_source_id											sample_source_id	sample_source_id	ir_repertoire	ir_metadata						 
	ir_sequence_count	ir_sequence_count											sequence_count		ir_repertoire	ir_metadata						 
	ir_filtered_sequence_count	ir_filtered_sequence_count											sequences		ir_repertoire	ir_metadata						 
iReceptor Parameters	ir_username	ir_username													ir_repertoire	ir_parameter						 
	ir_subject_age_min	ir_subject_age_min	Min Age	Min Age						ir_min_age					ir_repertoire	ir_parameter			Min Age			 
	ir_subject_age_max	ir_subject_age_max	Max Age	Max Age						ir_max_age					ir_repertoire	ir_parameter			Max Age			 
	ir_project_sample_id_list	ir_project_sample_id_list											project_sample_id_list		ir_repertoire	ir_parameter						 
	ir_data_format	ir_data_format													ir_repertoire	ir_parameter						 
	ir_show_unproductive	ir_show_unproductive													ir_repertoire	ir_parameter						 
																						
iReceptor Curator Fields		ir_germline_database							ir_germline_database	ir_germline_database					ir_repertoire	ir_curator						
		ir_library_source							ir_library_source	ir_library_source					ir_repertoire	ir_curator						
		ir_rearrangement_file_name							ir_rearrangement_file_name	ir_rearrangement_file_name					ir_repertoire	ir_curator						
		ir_igblast_file_name							ir_igblast_file_name	ir_igblast_file_name					ir_repertoire	ir_curator						
		ir_imgt_file_name							ir_imgt_file_name	ir_imgt_file_name					ir_repertoire	ir_curator						
		ir_mixcr_file_name							ir_mixcr_file_name	ir_mixcr_file_name					ir_repertoire	ir_curator						
		ir_rearrangement_tool							ir_rearrangement_tool	ir_rearrangement_tool					ir_repertoire	ir_curator						
		ir_record_number							ir_record_number	ir_record_number					ir_repertoire	ir_curator						
		ir_rearrangement_number							ir_rearrangement_number	ir_rearrangement_number					ir_repertoire	ir_curator						
																						
MiAIRR	germline_database	germline_database		V(D)J germline reference database											rearrangement	rearrangement	germline_database		V(D)J germline reference database	Databases used for VDJC gene annotation plus date of retrieval / version	"ENSEMBL, Homo sapiens build 90, 2017-10-01"	 
	cell_index	cell_index		Cell Index											rearrangement	rearrangement	cell_index		Cell Index	User-specified ID for the cell from which the sequence was obtained	W06_046_091	 
	v_call	v_call	V gene	V gene	1_Summary.txt	V-GENE and allele	v_call	bestVHit			v_call		vgene_allele	vgene_allele	rearrangement	rearrangement	v_call		V gene	V segment gene and allele	IGHV1-34*01	 
	d_call	d_call	D gene	D gene	1_Summary.txt	D-GENE and allele	d_call	bestDHit			d_call		dgene_allele	dgene_allele	rearrangement	rearrangement	d_call		D gene	D segment gene and allele	IGHD2-2*01	 
	j_call	j_call	J gene	J gene	1_Summary.txt	J-GENE and allele	j_call	bestJHit			j_call		jgene_allele	jgene_allele	rearrangement	rearrangement	j_call		J gene	J segment gene and allele	IGHJ4*01	 
	c_call	c_call		C region											rearrangement	rearrangement	c_call		C region	Constant region gene and allele	IGHG1	 
	junction_nt	junction_nt	Junction NT	IMGT-JUNCTION nucleotide sequence	6_Junction.txt	JUNCTION	junction	nSeqCDR3			junction_nt		junction_sequence_nt	junction_sequence_nt	rearrangement	rearrangement	junction_nt		IMGT-JUNCTION nucleotide sequence	Nucleotide sequence of the IMGT-JUNCTION	TGTGCAAGAGCGGGAGTTTACGACGGATATACTATGGACTACTGG	 
	junction_aa	junction_aa	Junction AA	IMGT-JUNCTION amino acid sequence	6_Junction.txt	JUNCTION (AA)	junction_aa	aaSeqCDR3			junction_aa		junction_sequence_aa	junction_sequence_aa	rearrangement	rearrangement	junction_aa		IMGT-JUNCTION amino acid sequence	Amino acid sequence of the IMGT-JUNCTION	CARAGVYDGYTMDYW	 
	duplicate_count	duplicate_count		Read count											rearrangement	rearrangement	duplicate_count		Read count	Number of reads used to build sequence	123	 
MiAIRR Rearrangements	sequence_id	sequence_id		Read/sequence identifier	1_Summary.txt	Sequence ID	sequence_id	descrR1			sequence_id				rearrangement	rearrangement	sequence_id		Read/sequence identifier	Read/sequence identifier		 
	sequence	sequence		"Nucleotide sequence (e.g., the ""read"" sequence; revcomp'd if necessary)"	1_Summary.txt	Sequence	sequence	readSequence			sequence				rearrangement	rearrangement	sequence		"Nucleotide sequence (e.g., the ""read"" sequence; revcomp'd if necessary)"	"Nucleotide sequence (e.g., the ""read"" sequence; revcomp'd if necessary)"		 
	constant	constant		"Constant region gene (e.g., IGHG4, IGHA2, IGHE, TRBC)"											rearrangement	rearrangement	constant		"Constant region gene (e.g., IGHG4, IGHA2, IGHE, TRBC)"	"Constant region gene (e.g., IGHG4, IGHA2, IGHE, TRBC)"		 
	functional	functional	Functional	VDJ sequence is predicted to be functional	1_Summary.txt	V-DOMAIN Functionality	productive				functional			productive	rearrangement	rearrangement	functional		VDJ sequence is predicted to be functional	VDJ sequence is predicted to be functional		 
	rev_comp	rev_comp		Sequence is reverse complemented	1_Summary.txt	Orientation	rev_comp				rev_comp		orientation	orientation	rearrangement	rearrangement	rev_comp		Sequence is reverse complemented	Sequence is reverse complemented		 
	v_score	v_score		V alignment score	1_Summary.txt	V-REGION score	v_score	bestVHitScore			v_score		vgene_score	vgene_score	rearrangement	rearrangement	v_score		V alignment score	V alignment score		 
	d_score	d_score		D alignment score			d_score	bestDHitScore			d_score		dgene_score	dgene_score	rearrangement	rearrangement	d_score		D alignment score	D alignment score		 
	j_score	j_score		J alignment score	1_Summary.txt	J-REGION score	j_score	bestJHitScore			j_score		jgene_score	jgene_score	rearrangement	rearrangement	j_score		J alignment score	J alignment score		 
	c_score	c_score		C alignment score											rearrangement	rearrangement	c_score		C alignment score	C alignment score		 
	v_cigar	v_cigar		V alignment CIGAR string			v_cigar				v_cigar				rearrangement	rearrangement	v_cigar		V alignment CIGAR string	V alignment CIGAR string		 
	d_cigar	d_cigar		D alignment CIGAR string			d_cigar				d_cigar				rearrangement	rearrangement	d_cigar		D alignment CIGAR string	D alignment CIGAR string		 
	j_cigar	j_cigar		J alignment CIGAR string			j_cigar				j_cigar				rearrangement	rearrangement	j_cigar		J alignment CIGAR string	J alignment CIGAR string		 
	c_cigar	c_cigar		C alignment CIGAR string			c_cigar				c_cigar				rearrangement	rearrangement	c_cigar		C alignment CIGAR string	C alignment CIGAR string		 
	v_evalue	v_evalue		V alignment E-value (when applicable)											rearrangement	rearrangement	v_evalue		V alignment E-value (when applicable)	V alignment E-value (when applicable)		 
	d_evalue	d_evalue		D alignment E-value (when applicable)											rearrangement	rearrangement	d_evalue		D alignment E-value (when applicable)	D alignment E-value (when applicable)		 
	j_evalue	j_evalue		J alignment E-value (when applicable)											rearrangement	rearrangement	j_evalue		J alignment E-value (when applicable)	J alignment E-value (when applicable)		 
	v_identity	v_identity		V alignment identity	1_Summary.txt	V-REGION identity %	v_identity				v_identity				rearrangement	rearrangement	v_identity		V alignment identity	V alignment identity		 
	d_identity	d_identity		D alignment identity			d_identity				d_identity				rearrangement	rearrangement	d_identity		D alignment identity	D alignment identity		 
	j_identity	j_identity		J alignment identity	1_Summary.txt	J-REGION identity %	j_identity				j_identity				rearrangement	rearrangement	j_identity		J alignment identity	J alignment identity		 
	vdj_score	vdj_score		Score for aligners that consider the full sequence as a whole											rearrangement	rearrangement	vdj_score		Score for aligners that consider the full sequence as a whole	Score for aligners that consider the full sequence as a whole		 
	vdj_evalue	vdj_evalue		E-value for aligners that consider the full sequence as a whole											rearrangement	rearrangement	vdj_evalue		E-value for aligners that consider the full sequence as a whole	E-value for aligners that consider the full sequence as a whole		 
	vdj_identity	vdj_identity		Identity for aligners that consider the full sequence as a whole											rearrangement	rearrangement	vdj_identity		Identity for aligners that consider the full sequence as a whole	Identity for aligners that consider the full sequence as a whole		 
	vdj_cigar	vdj_cigar		VDJ alignment CIGAR string											rearrangement	rearrangement	vdj_cigar		VDJ alignment CIGAR string	VDJ alignment CIGAR string		 
	v_start	v_start		Position of first V nucleotide in 'sequence' field	3_Nt-sequences.txt	V-REGION start	v_sequence_start				v_start		vregion_start	vregion_start	rearrangement	rearrangement	v_start		Position of first V nucleotide in 'sequence' field	Position of first V nucleotide in 'sequence' field		 
	v_end	v_end		End coordinate of the V segment (generally inside the CDR3)	3_Nt-sequences.txt	V-REGION end	v_sequence_end				v_end		vregion_end	vregion_end	rearrangement	rearrangement	v_end		End coordinate of the V segment (generally inside the CDR3)	End coordinate of the V segment (generally inside the CDR3)		 
	v_germ_start	v_germ_start		Position of 'v_start' field in IMGT numbered germline V(D)J sequence			v_germline_start				v_germ_start				rearrangement	rearrangement	v_germ_start		Position of 'v_start' field in IMGT numbered germline V(D)J sequence	Position of 'v_start' field in IMGT numbered germline V(D)J sequence		 
	v_germ_end	v_germ_end		Position of 'v_start' field in IMGT numbered germline V(D)J sequence			v_germline_end				v_germ_end				rearrangement	rearrangement	v_germ_end		Position of 'v_start' field in IMGT numbered germline V(D)J sequence	Position of 'v_start' field in IMGT numbered germline V(D)J sequence		 
	fwr1_start	fwr1_start		FWR1 start coordinate in sequence (transferred from germline)	3_Nt-sequences.txt	FR1-IMGT start	fwr1_start				fwr1_start		fr1region_start	fr1region_start	rearrangement	rearrangement	fwr1_start		FWR1 start coordinate in sequence (transferred from germline)	FWR1 start coordinate in sequence (transferred from germline)		 
	fwr1_end	fwr1_end		FWR1 end coordinate in sequence (transferred from germline)	3_Nt-sequences.txt	FR1-IMGT end	fwr1_end				fwr1_end		fr1region_end	fr1region_end	rearrangement	rearrangement	fwr1_end		FWR1 end coordinate in sequence (transferred from germline)	FWR1 end coordinate in sequence (transferred from germline)		 
	cdr1_start	cdr1_start		CDR1 start coord in sequence (transferred from germline)	3_Nt-sequences.txt	CDR1-IMGT start	cdr1_start				cdr1_start		cdr1region_start	cdr1region_start	rearrangement	rearrangement	cdr1_start		CDR1 start coord in sequence (transferred from germline)	CDR1 start coord in sequence (transferred from germline)		 
	cdr1_end	cdr1_end		CDR1 end coord in sequence (transferred from germline)	3_Nt-sequences.txt	CDR1-IMGT end	cdr1_end				cdr1_end		cdr1region_end	cdr1region_end	rearrangement	rearrangement	cdr1_end		CDR1 end coord in sequence (transferred from germline)	CDR1 end coord in sequence (transferred from germline)		 
	fwr2_start	fwr2_start		FWR2 start coord in sequence (transferred from germline)	3_Nt-sequences.txt	FR2-IMGT start	fwr2_start				fwr2_start		fr2region_start	fr2region_start	rearrangement	rearrangement	fwr2_start		FWR2 start coord in sequence (transferred from germline)	FWR2 start coord in sequence (transferred from germline)		 
	fwr2_end	fwr2_end		FWR2 end coord in sequence (transferred from germline)	3_Nt-sequences.txt	FR2-IMGT end	fwr2_end				fwr2_end		fr2region_end	fr2region_end	rearrangement	rearrangement	fwr2_end		FWR2 end coord in sequence (transferred from germline)	FWR2 end coord in sequence (transferred from germline)		 
	cdr2_start	cdr2_start		CDR2 start coord in sequence (transferred from germline)	3_Nt-sequences.txt	CDR2-IMGT start	cdr2_start				cdr2_start		cdr2region_start	cdr2region_start	rearrangement	rearrangement	cdr2_start		CDR2 start coord in sequence (transferred from germline)	CDR2 start coord in sequence (transferred from germline)		 
	cdr2_end	cdr2_end		CDR2 end coord in sequence (transferred from germline)	3_Nt-sequences.txt	CDR2-IMGT end	cdr2_end				cdr2_end		cdr2region_end	cdr2region_end	rearrangement	rearrangement	cdr2_end		CDR2 end coord in sequence (transferred from germline)	CDR2 end coord in sequence (transferred from germline)		 
	fwr3_start	fwr3_start		FWR3 start coord in sequence (transferred from germline)	3_Nt-sequences.txt	FR3-IMGT start	fwr3_start				fwr3_start		fr3region_start	fr3region_start	rearrangement	rearrangement	fwr3_start		FWR3 start coord in sequence (transferred from germline)	FWR3 start coord in sequence (transferred from germline)		 
	fwr3_end	fwr3_end		FWR3 end coord in sequence (transferred from germline)	3_Nt-sequences.txt	FR3-IMGT end	fwr3_end				fwr3_end		fr3region_end	fr3region_end	rearrangement	rearrangement	fwr3_end		FWR3 end coord in sequence (transferred from germline)	FWR3 end coord in sequence (transferred from germline)		 
	cdr3_start	cdr3_start		CDR3 start coord in sequence (transferred from germline)	3_Nt-sequences.txt	CDR3-IMGT start	cdr3_start				cdr3_start		cdr3region_start	cdr3region_start	rearrangement	rearrangement	cdr3_start		CDR3 start coord in sequence (transferred from germline)	CDR3 start coord in sequence (transferred from germline)		 
	cdr3_end	cdr3_end		CDR3 end coord in sequence (transferred from germline)	3_Nt-sequences.txt	CDR3-IMGT end	cdr3_end				cdr3_end		cdr3region_end	cdr3region_end	rearrangement	rearrangement	cdr3_end		CDR3 end coord in sequence (transferred from germline)	CDR3 end coord in sequence (transferred from germline)		 
	fwr4_start	fwr4_start		FWR3 start coord in sequence (transferred from germline)	3_Nt-sequences.txt	FR4-IMGT start	fwr4_start				fwr4_start		fr4region_start	fr4region_start	rearrangement	rearrangement	fwr4_start		FWR3 start coord in sequence (transferred from germline)	FWR3 start coord in sequence (transferred from germline)		 
	fwr4_end	fwr4_end		FWR4 end coord in sequence (transferred from germline)	3_Nt-sequences.txt	FR4-IMGT end	fwr4_end				fwr4_end		fr4region_end	fr4region_end	rearrangement	rearrangement	fwr4_end		FWR4 end coord in sequence (transferred from germline)	FWR4 end coord in sequence (transferred from germline)		 
	d_start	d_start		Start coordinate of the D segment	3_Nt-sequences.txt	D-REGION start	d_sequence_start				d_start		dregion_start	dregion_start	rearrangement	rearrangement	d_start		Start coordinate of the D segment	Start coordinate of the D segment		 
	d_end	d_end		End coordinate of the D segment	3_Nt-sequences.txt	D-REGION end	d_sequence_end				d_end		dregion_end	dregion_end	rearrangement	rearrangement	d_end		End coordinate of the D segment	End coordinate of the D segment		 
	d_germ_start	d_germ_start		Position of 'd_start' field in IMGT numbered germline V(D)J sequence			d_germline_start				d_germ_start				rearrangement	rearrangement	d_germ_start		Position of 'd_start' field in IMGT numbered germline V(D)J sequence	Position of 'd_start' field in IMGT numbered germline V(D)J sequence		 
	d_germ_emd	d_germ_emd		Position of 'd_start' field in IMGT numbered germline V(D)J sequence			d_germline_end				d_germ_emd				rearrangement	rearrangement	d_germ_emd		Position of 'd_start' field in IMGT numbered germline V(D)J sequence	Position of 'd_start' field in IMGT numbered germline V(D)J sequence		 
	j_start	j_start		Start coordinate of the J segment (generally inside the CDR3)	3_Nt-sequences.txt	J-REGION start	j_sequence_start				j_start		jregion_start	jregion_start	rearrangement	rearrangement	j_start		Start coordinate of the J segment (generally inside the CDR3)	Start coordinate of the J segment (generally inside the CDR3)		 
	j_end	j_end		End coordinate of the J segment	3_Nt-sequences.txt	J-REGION end	j_sequence_end				j_end		jregion_end	jregion_end	rearrangement	rearrangement	j_end		End coordinate of the J segment	End coordinate of the J segment		 
	j_germ_start	j_germ_start		Position of 'j_start' field in IMGT numbered germline V(D)J sequence			j_germline_start				j_germ_start				rearrangement	rearrangement	j_germ_start		Position of 'j_start' field in IMGT numbered germline V(D)J sequence	Position of 'j_start' field in IMGT numbered germline V(D)J sequence		 
	j_germ_end	j_germ_end		Position of 'j_start' field in IMGT numbered germline V(D)J sequence			j_germline_end				j_germ_end				rearrangement	rearrangement	j_germ_end		Position of 'j_start' field in IMGT numbered germline V(D)J sequence	Position of 'j_start' field in IMGT numbered germline V(D)J sequence		 
	junction_length	junction_length	Number of junction nucleotides in sequence_vdj	Number of junction nucleotides in sequence_vdj										junction_nt_length	rearrangement	rearrangement	junction_length		Number of junction nucleotides in sequence_vdj	Number of junction nucleotides in sequence_vdj		 
	np1_length	np1_length		Number of of nucleotides between sample V and D sequences											rearrangement	rearrangement	np1_length		Number of of nucleotides between sample V and D sequences	Number of of nucleotides between sample V and D sequences		 
	np2_length	np2_length		Number of of nucleotides between sample D and J sequences											rearrangement	rearrangement	np2_length		Number of of nucleotides between sample D and J sequences	Number of of nucleotides between sample D and J sequences		 
	n1_length	n1_length		Nucleotides 5' of the D-segment											rearrangement	rearrangement	n1_length		Nucleotides 5' of the D-segment	Nucleotides 5' of the D-segment		 
	n2_length	n2_length		Nucleotides 3' of the D-segment											rearrangement	rearrangement	n2_length		Nucleotides 3' of the D-segment	Nucleotides 3' of the D-segment		 
	p3v_length	p3v_length		Palindromic nucleotides 3' of the V-segment	6_Junction.txt	P3'V-nt nb					p3v_length				rearrangement	rearrangement	p3v_length		Palindromic nucleotides 3' of the V-segment	Palindromic nucleotides 3' of the V-segment		 
	p5d_length	p5d_length		Palindromic nucleotides 5' of the D-segment	6_Junction.txt	P5'D-nt nb					p5d_length				rearrangement	rearrangement	p5d_length		Palindromic nucleotides 5' of the D-segment	Palindromic nucleotides 5' of the D-segment		 
	p3d_length	p3d_length		Palindromic nucleotides 3' of the D-segment	6_Junction.txt	P3'D-nt nb					p3d_length				rearrangement	rearrangement	p3d_length		Palindromic nucleotides 3' of the D-segment	Palindromic nucleotides 3' of the D-segment		 
	p5j_length	p5j_length		Palindromic nucleotides 5' of the J-segment	6_Junction.txt	P5'J-nt nb					p5j_length				rearrangement	rearrangement	p5j_length		Palindromic nucleotides 5' of the J-segment	Palindromic nucleotides 5' of the J-segment		 
	consensus_count	consensus_count		Number of reads contributing to the consensus for this sequence											rearrangement	rearrangement	consensus_count		Number of reads contributing to the consensus for this sequence	Number of reads contributing to the consensus for this sequence		 
	clone	clone		Clone assignment for this sequence											rearrangement	rearrangement	clone		Clone assignment for this sequence	Clone assignment for this sequence		 
	junction_aa_length	junction_aa_length	Junction Length (AA) 											junction_aa_length	ir_rearrangement	ir_rearrangement						 
iReceptor Rearrangements	ir_seq_id	ir_seq_id											seq_id	seq_id	ir_rearrangement	ir_rearrangement						 
	ir_seq_name	ir_seq_name											seq_name	seq_name	ir_rearrangement	ir_rearrangement						 
	ir_project_sample_id	ir_project_sample_id											project_sample_id	project_sample_id	ir_rearrangement	ir_rearrangement						 
	ir_sequence_id	ir_sequence_id											sequence_id	sequence_id	ir_rearrangement	ir_rearrangement						 
	ir_vgene_string	ir_vgene_string											vgene_string	vgene_string	ir_rearrangement	ir_rearrangement						 
	ir_vgene_family	ir_vgene_family											vgene_family	vgene_family	ir_rearrangement	ir_rearrangement						 
	ir_vgene_gene	ir_vgene_gene											vgene_gene	vgene_gene	ir_rearrangement	ir_rearrangement						 
	ir_jgene_string	ir_jgene_string											jgene_string	jgene_string	ir_rearrangement	ir_rearrangement						 
	ir_jgene_family	ir_jgene_family											jgene_family	jgene_family	ir_rearrangement	ir_rearrangement						 
	ir_jgene_gene	ir_jgene_gene											jgene_gene	jgene_gene	ir_rearrangement	ir_rearrangement						 
	ir_dgene_string	ir_dgene_string											dgene_string	dgene_string	ir_rearrangement	ir_rearrangement						 
	ir_dgene_family	ir_dgene_family											dgene_family	dgene_family	ir_rearrangement	ir_rearrangement						 
	ir_dgene_gene	ir_dgene_gene											dgene_gene	dgene_gene	ir_rearrangement	ir_rearrangement						 
	ir_functionality	ir_functionality											functionality	functionality	ir_rearrangement	ir_rearrangement						 
	ir_functionality_comment	ir_functionality_comment			1_Summary.txt	V-DOMAIN Functionality comment							functionality_comment	functionality_comment	ir_rearrangement	ir_rearrangement						 
	ir_orientation	ir_orientation											orientation	orientation	ir_rearrangement	ir_rearrangement						 
	ir_vgene_score	ir_vgene_score											vgene_score	vgene_score	ir_rearrangement	ir_rearrangement						 
	ir_vgene_probability	ir_vgene_probability											vgene_probability	vgene_probability	ir_rearrangement	ir_rearrangement						 
	ir_dregion_reading_frame	ir_dregion_reading_frame			1_Summary.txt	D-REGION reading frame							dregion_reading_frame	dregion_reading_frame	ir_rearrangement	ir_rearrangement						 
	ir_cdr1_length	ir_cdr1_length			1_Summary.txt	CDR1-IMGT length							cdr1_length	cdr1_length	ir_rearrangement	ir_rearrangement						 
	ir_cdr2_length	ir_cdr2_length			1_Summary.txt	CDR2-IMGT length							cdr2_length	cdr2_length	ir_rearrangement	ir_rearrangement						 
	ir_cdr3_length	ir_cdr3_length			1_Summary.txt	CDR3-IMGT length							cdr3_length	cdr3_length	ir_rearrangement	ir_rearrangement						 
	ir_vdjregion_sequence_nt	ir_vdjregion_sequence_nt			3_Nt-sequences.txt	V-D-J-REGION							vdjregion_sequence_nt	vdjregion_sequence_nt	ir_rearrangement	ir_rearrangement						 
	ir_vjregion_sequence_nt	ir_vjregion_sequence_nt			3_Nt-sequences.txt	V-J-REGION							vjregion_sequence_nt	vjregion_sequence_nt	ir_rearrangement	ir_rearrangement						 
	ir_djregion_sequence_nt	ir_djregion_sequence_nt			3_Nt-sequences.txt	D-J-REGION							djregion_sequence_nt	djregion_sequence_nt	ir_rearrangement	ir_rearrangement						 
	ir_vregion_sequence_nt	ir_vregion_sequence_nt			3_Nt-sequences.txt	V-REGION							vregion_sequence_nt	vregion_sequence_nt	ir_rearrangement	ir_rearrangement						 
	ir_jregion_sequence_nt	ir_jregion_sequence_nt			3_Nt-sequences.txt	J-REGION							jregion_sequence_nt	jregion_sequence_nt	ir_rearrangement	ir_rearrangement						 
	ir_dregion_sequence_nt	ir_dregion_sequence_nt			3_Nt-sequences.txt	D-REGION							dregion_sequence_nt	dregion_sequence_nt	ir_rearrangement	ir_rearrangement						 
	ir_fr1region_sequence_nt	ir_fr1region_sequence_nt			3_Nt-sequences.txt	FR1-IMGT							fr1region_sequence_nt	fr1region_sequence_nt	ir_rearrangement	ir_rearrangement						 
	ir_fr2region_sequence_nt	ir_fr2region_sequence_nt			3_Nt-sequences.txt	FR2-IMGT							fr2region_sequence_nt	fr2region_sequence_nt	ir_rearrangement	ir_rearrangement						 
	ir_fr3region_sequence_nt	ir_fr3region_sequence_nt			3_Nt-sequences.txt	FR3-IMGT							fr3region_sequence_nt	fr3region_sequence_nt	ir_rearrangement	ir_rearrangement						 
	ir_fr4region_sequence_nt	ir_fr4region_sequence_nt			3_Nt-sequences.txt	FR4-IMGT							fr4region_sequence_nt	fr4region_sequence_nt	ir_rearrangement	ir_rearrangement						 
	ir_cdr1region_sequence_nt	ir_cdr1region_sequence_nt			3_Nt-sequences.txt	CDR1-IMGT							cdr1region_sequence_nt	cdr1region_sequence_nt	ir_rearrangement	ir_rearrangement						 
	ir_cdr2region_sequence_nt	ir_cdr2region_sequence_nt			3_Nt-sequences.txt	CDR2-IMGT							cdr2region_sequence_nt	cdr2region_sequence_nt	ir_rearrangement	ir_rearrangement						 
	ir_cdr3region_sequence_nt	ir_cdr3region_sequence_nt			3_Nt-sequences.txt	CDR3-IMGT							cdr3region_sequence_nt	cdr3region_sequence_nt	ir_rearrangement	ir_rearrangement						 
	ir_vdjregion_sequence_nt_gapped	ir_vdjregion_sequence_nt_gapped			2_IMGT-gapped-nt-sequences.txt	V-D-J-REGION							vdjregion_sequence_nt_gapped	vdjregion_sequence_nt_gapped	ir_rearrangement	ir_rearrangement						 
	ir_vjregion_sequence_nt_gapped	ir_vjregion_sequence_nt_gapped			2_IMGT-gapped-nt-sequences.txt	V-J-REGION							vjregion_sequence_nt_gapped	vjregion_sequence_nt_gapped	ir_rearrangement	ir_rearrangement						 
	ir_vregion_sequence_nt_gapped	ir_vregion_sequence_nt_gapped			2_IMGT-gapped-nt-sequences.txt	V-REGION							vregion_sequence_nt_gapped	vregion_sequence_nt_gapped	ir_rearrangement	ir_rearrangement						 
	ir_jregion_sequence_nt_gapped	ir_jregion_sequence_nt_gapped			2_IMGT-gapped-nt-sequences.txt	J-REGION							jregion_sequence_nt_gapped	jregion_sequence_nt_gapped	ir_rearrangement	ir_rearrangement						 
	ir_dregion_sequence_nt_gapped	ir_dregion_sequence_nt_gapped											dregion_sequence_nt_gapped	dregion_sequence_nt_gapped	ir_rearrangement	ir_rearrangement						 
	ir_fr1region_sequence_nt_gapped	ir_fr1region_sequence_nt_gapped			2_IMGT-gapped-nt-sequences.txt	FR1-IMGT							fr1region_sequence_nt_gapped	fr1region_sequence_nt_gapped	ir_rearrangement	ir_rearrangement						 
	ir_fr2region_sequence_nt_gapped	ir_fr2region_sequence_nt_gapped			2_IMGT-gapped-nt-sequences.txt	FR2-IMGT							fr2region_sequence_nt_gapped	fr2region_sequence_nt_gapped	ir_rearrangement	ir_rearrangement						 
	ir_fr3region_sequence_nt_gapped	ir_fr3region_sequence_nt_gapped			2_IMGT-gapped-nt-sequences.txt	FR3-IMGT							fr3region_sequence_nt_gapped	fr3region_sequence_nt_gapped	ir_rearrangement	ir_rearrangement						 
	ir_fr4region_sequence_nt_gapped	ir_fr4region_sequence_nt_gapped			2_IMGT-gapped-nt-sequences.txt	FR4-IMGT							fr4region_sequence_nt_gapped	fr4region_sequence_nt_gapped	ir_rearrangement	ir_rearrangement						 
	ir_cdr1region_sequence_nt_gapped	ir_cdr1region_sequence_nt_gapped			2_IMGT-gapped-nt-sequences.txt	CDR1-IMGT							cdr1region_sequence_nt_gapped	cdr1region_sequence_nt_gapped	ir_rearrangement	ir_rearrangement						 
	ir_cdr2region_sequence_nt_gapped	ir_cdr2region_sequence_nt_gapped			2_IMGT-gapped-nt-sequences.txt	CDR2-IMGT							cdr2region_sequence_nt_gapped	cdr2region_sequence_nt_gapped	ir_rearrangement	ir_rearrangement						 
	ir_cdr3region_sequence_nt_gapped	ir_cdr3region_sequence_nt_gapped			2_IMGT-gapped-nt-sequences.txt	CDR3-IMGT							cdr3region_sequence_nt_gapped	cdr3region_sequence_nt_gapped	ir_rearrangement	ir_rearrangement						 
	ir_junction_sequence_nt_gapped	ir_junction_sequence_nt_gapped			2_IMGT-gapped-nt-sequences.txt	JUNCTION							junction_sequence_nt_gapped	junction_sequence_nt_gapped	ir_rearrangement	ir_rearrangement						 
	ir_vdjregion_sequence_aa	ir_vdjregion_sequence_aa			5_AA-sequences.txt	V-D-J-REGION							vdjregion_sequence_aa	vdjregion_sequence_aa	ir_rearrangement	ir_rearrangement						 
	ir_vjregion_sequence_aa	ir_vjregion_sequence_aa			5_AA-sequences.txt	V-J-REGION							vjregion_sequence_aa	vjregion_sequence_aa	ir_rearrangement	ir_rearrangement						 
	ir_vregion_sequence_aa	ir_vregion_sequence_aa			5_AA-sequences.txt	V-REGION							vregion_sequence_aa	vregion_sequence_aa	ir_rearrangement	ir_rearrangement						 
	ir_jregion_sequence_aa	ir_jregion_sequence_aa			5_AA-sequences.txt	J-REGION							jregion_sequence_aa	jregion_sequence_aa	ir_rearrangement	ir_rearrangement						 
	ir_fr1region_sequence_aa	ir_fr1region_sequence_aa			5_AA-sequences.txt	FR1-IMGT							fr1region_sequence_aa	fr1region_sequence_aa	ir_rearrangement	ir_rearrangement						 
	ir_fr2region_sequence_aa	ir_fr2region_sequence_aa			5_AA-sequences.txt	FR2-IMGT							fr2region_sequence_aa	fr2region_sequence_aa	ir_rearrangement	ir_rearrangement						 
	ir_fr3region_sequence_aa	ir_fr3region_sequence_aa			5_AA-sequences.txt	FR3-IMGT							fr3region_sequence_aa	fr3region_sequence_aa	ir_rearrangement	ir_rearrangement						 
	ir_fr4region_sequence_aa	ir_fr4region_sequence_aa			5_AA-sequences.txt	FR4-IMGT							fr4region_sequence_aa	fr4region_sequence_aa	ir_rearrangement	ir_rearrangement						 
	ir_cdr1region_sequence_aa	ir_cdr1region_sequence_aa			5_AA-sequences.txt	CDR1-IMGT							cdr1region_sequence_aa	cdr1region_sequence_aa	ir_rearrangement	ir_rearrangement						 
	ir_cdr2region_sequence_aa	ir_cdr2region_sequence_aa			5_AA-sequences.txt	CDR2-IMGT							cdr2region_sequence_aa	cdr2region_sequence_aa	ir_rearrangement	ir_rearrangement						 
	ir_cdr3region_sequence_aa	ir_cdr3region_sequence_aa			5_AA-sequences.txt	CDR3-IMGT							cdr3region_sequence_aa	cdr3region_sequence_aa	ir_rearrangement	ir_rearrangement						 
	ir_vdjregion_sequence_aa_gapped	ir_vdjregion_sequence_aa_gapped			4_IMGT-gapped-AA-sequences.txt	V-D-J-REGION							vdjregion_sequence_aa_gapped	vdjregion_sequence_aa_gapped	ir_rearrangement	ir_rearrangement						 
	ir_vjregion_sequence_aa_gapped	ir_vjregion_sequence_aa_gapped			4_IMGT-gapped-AA-sequences.txt	V-J-REGION							vjregion_sequence_aa_gapped	vjregion_sequence_aa_gapped	ir_rearrangement	ir_rearrangement						 
	ir_vregion_sequence_aa_gapped	ir_vregion_sequence_aa_gapped			4_IMGT-gapped-AA-sequences.txt	V-REGION							vregion_sequence_aa_gapped	vregion_sequence_aa_gapped	ir_rearrangement	ir_rearrangement						 
	ir_jregion_sequence_aa_gapped	ir_jregion_sequence_aa_gapped			4_IMGT-gapped-AA-sequences.txt	J-REGION							jregion_sequence_aa_gapped	jregion_sequence_aa_gapped	ir_rearrangement	ir_rearrangement						 
	ir_fr1region_sequence_aa_gapped	ir_fr1region_sequence_aa_gapped			4_IMGT-gapped-AA-sequences.txt	FR1-IMGT							fr1region_sequence_aa_gapped	fr1region_sequence_aa_gapped	ir_rearrangement	ir_rearrangement						 
	ir_fr2region_sequence_aa_gapped	ir_fr2region_sequence_aa_gapped			4_IMGT-gapped-AA-sequences.txt	FR2-IMGT							fr2region_sequence_aa_gapped	fr2region_sequence_aa_gapped	ir_rearrangement	ir_rearrangement						 
	ir_fr3region_sequence_aa_gapped	ir_fr3region_sequence_aa_gapped			4_IMGT-gapped-AA-sequences.txt	FR3-IMGT							fr3region_sequence_aa_gapped	fr3region_sequence_aa_gapped	ir_rearrangement	ir_rearrangement						 
	ir_fr4region_sequence_aa_gapped	ir_fr4region_sequence_aa_gapped			4_IMGT-gapped-AA-sequences.txt	FR4-IMGT							fr4region_sequence_aa_gapped	fr4region_sequence_aa_gapped	ir_rearrangement	ir_rearrangement						 
	ir_cdr1region_sequence_aa_gapped	ir_cdr1region_sequence_aa_gapped			4_IMGT-gapped-AA-sequences.txt	CDR1-IMGT							cdr1region_sequence_aa_gapped	cdr1region_sequence_aa_gapped	ir_rearrangement	ir_rearrangement						 
	ir_cdr2region_sequence_aa_gapped	ir_cdr2region_sequence_aa_gapped			4_IMGT-gapped-AA-sequences.txt	CDR2-IMGT							cdr2region_sequence_aa_gapped	cdr2region_sequence_aa_gapped	ir_rearrangement	ir_rearrangement						 
	ir_cdr3region_sequence_aa_gapped	ir_cdr3region_sequence_aa_gapped			4_IMGT-gapped-AA-sequences.txt	CDR3-IMGT							cdr3region_sequence_aa_gapped	cdr3region_sequence_aa_gapped	ir_rearrangement	ir_rearrangement						 
	ir_junction_sequence_aa_gapped	ir_junction_sequence_aa_gapped			4_IMGT-gapped-AA-sequences.txt	JUNCTION							junction_sequence_aa_gapped	junction_sequence_aa_gapped	ir_rearrangement	ir_rearrangement						 
	ir_vdjregion_start	ir_vdjregion_start			3_Nt-sequences.txt	V-D-J-REGION start							vdjregion_start	vdjregion_start	ir_rearrangement	ir_rearrangement						 
	ir_vdjregion_end	ir_vdjregion_end			3_Nt-sequences.txt	V-D-J-REGION end							vdjregion_end	vdjregion_end	ir_rearrangement	ir_rearrangement						 
	ir_vjregion_start	ir_vjregion_start			3_Nt-sequences.txt	V-J-REGION start							vjregion_start	vjregion_start	ir_rearrangement	ir_rearrangement						 
	ir_vjregion_end	ir_vjregion_end			3_Nt-sequences.txt	V-J-REGION end							vjregion_end	vjregion_end	ir_rearrangement	ir_rearrangement						 
	ir_djregion_start	ir_djregion_start			3_Nt-sequences.txt	D-J-REGION start							djregion_start	djregion_start	ir_rearrangement	ir_rearrangement						 
	ir_djregion_end	ir_djregion_end			3_Nt-sequences.txt	D-J-REGION end							djregion_end	djregion_end	ir_rearrangement	ir_rearrangement						 
	ir_junction_start	ir_junction_start			3_Nt-sequences.txt	JUNCTION start							junction_start	junction_start	ir_rearrangement	ir_rearrangement						 
	ir_junction_end	ir_junction_end			3_Nt-sequences.txt	JUNCTION end							junction_end	junction_end	ir_rearrangement	ir_rearrangement						 
	ir_vregion_mutation_string	ir_vregion_mutation_string			7_V-REGION-mutation-and-AA-change-table.txt	V-REGION							vregion_mutation_string	vregion_mutation_string	ir_rearrangement	ir_rearrangement						 
	ir_fr1region_mutation_string	ir_fr1region_mutation_string			7_V-REGION-mutation-and-AA-change-table.txt	FR1-IMGT							fr1region_mutation_string	fr1region_mutation_string	ir_rearrangement	ir_rearrangement						 
	ir_fr2region_mutation_string	ir_fr2region_mutation_string			7_V-REGION-mutation-and-AA-change-table.txt	FR2-IMGT							fr2region_mutation_string	fr2region_mutation_string	ir_rearrangement	ir_rearrangement						 
	ir_fr3region_mutation_string	ir_fr3region_mutation_string			7_V-REGION-mutation-and-AA-change-table.txt	FR3-IMGT							fr3region_mutation_string	fr3region_mutation_string	ir_rearrangement	ir_rearrangement						 
	ir_cdr1region_mutation_string	ir_cdr1region_mutation_string			7_V-REGION-mutation-and-AA-change-table.txt	CDR1-IMGT							cdr1region_mutation_string	cdr1region_mutation_string	ir_rearrangement	ir_rearrangement						 
	ir_cdr2region_mutation_string	ir_cdr2region_mutation_string			7_V-REGION-mutation-and-AA-change-table.txt	CDR2-IMGT							cdr2region_mutation_string	cdr2region_mutation_string	ir_rearrangement	ir_rearrangement						 
	ir_cdr3region_mutation_string	ir_cdr3region_mutation_string			7_V-REGION-mutation-and-AA-change-table.txt	CDR3-IMGT							cdr3region_mutation_string	cdr3region_mutation_string	ir_rearrangement	ir_rearrangement						 
	ir_annotation_tool	ir_annotation_tool											annotation_tool	annotation_tool	ir_rearrangement	ir_rearrangement						 
