,,,,,Legends,Good,Good, ,Defined and mapped,Mapped AIRR to v1,Mapped AIRR to v1,Mapped AIRR to v1,Mapped to AIRR,Mapped to AIRR,Mapped to AIRR,Implemented in Spec,Implemented,Implemented,Implemented,Implemented,,Implemented,Implemented,Implemented,Implemented,Implemented,Implemented,Implemented,Implemented,Implemented,Implemented,Implemented,Implemented,Implemented,Implemented,,,,,,,,,,,,
,,,,,,Duplicate MiAIRR/Formats,Duplicate MiAIRR/Formats, ,"In AIRR, needs to be added to Curator",Duplicate MiAIRR/Formats,Duplicate MiAIRR/Formats,Duplicate MiAIRR/Formats,Duplicate MiAIRR/Formats,Duplicate MiAIRR/Formats,Duplicate MiAIRR/Formats,Duplicate MiAIRR/Formats,Duplicate MiAIRR/Formats,Duplicate MiAIRR/Formats,Duplicate MiAIRR/Formats,Duplicate MiAIRR/Formats,,Duplicate MiAIRR/Formats,Duplicate MiAIRR/Formats,Duplicate MiAIRR/Formats,Duplicate MiAIRR/Formats,Duplicate MiAIRR/Formats,Duplicate MiAIRR/Formats,Duplicate MiAIRR/Formats,Duplicate MiAIRR/Formats,Duplicate MiAIRR/Formats,Duplicate MiAIRR/Formats,Duplicate MiAIRR/Formats,Duplicate MiAIRR/Formats,Duplicate MiAIRR/Formats,Duplicate MiAIRR/Formats,,,,,,,,,,,,
,,,,,,To be confirmed,To be confirmed, ,In Curator/AIRR not mapped to iReceptor, ,,,To be mapped,To be mapped,To be mapped,To be implemented,To be implemented,To be implemented,To be implemented,To be implemented,,To be implemented,To be implemented,To be implemented,To be implemented,To be implemented,To be implemented,To be implemented,To be implemented,To be implemented,To be implemented,To be implemented,To be implemented,To be implemented,To be implemented,,,,,,,,,,,,
,,,,,,AIRR discussion ongoing,Question, ,"In Curator, not in AIRR", ,,,,,,,Problem,Problem,Problem,Problem,,Problem,Problem,Problem,Problem,Problem,Problem,Problem,Problem,Problem,Problem,Problem,Problem,Problem,Problem,,,,,,,,,,,,
,,,,,,,, ,,,,,,,,,,,,,,,,,,,,,,,,,,,,,,,,,,,,,,,
AIRR 2017-10-11,,,AIRR 2017-11-01,AIRR 2017-11-01,AIRR 2017-10-11,AIRR 2017-10-11,AIRR, ,iReceptor,iReceptor,iReceptor,iReceptor,,,,iReceptor,iReceptor,iReceptor,iReceptor,iReceptor,,iReceptor,iReceptor,iReceptor,iReceptor,iReceptor,iReceptor,iReceptor,iReceptor,iReceptor,iReceptor,iReceptor,iReceptor,iReceptor,iReceptor,AIRR 2017-10-11,AIRR 2017-10-11,AIRR 2017-10-11,AIRR 2017-09-29,AIRR 2017-09-29,AIRR 2017-09-29,AIRR 2017-09-29,AIRR 2017-09-29,AIRR 2017-09-29,,,
Collection / subset,,,"MiAIRR v0.1.0
Field Designation","MiAIRR v0.1.0
Formats field name",MiAIRR field designation,AIRR Formats WG field name,Formats Rearrangement, ,Curator December Release,v1 Service,SQL Data Model (v1 view),vQuest SQL Mapping,vQuest Mapping,igBlast Mapping,MiXCR Mapping,"v2 Swagger API Response
(as of 2017-10-18)",v2 Swagger API Parameters (Get) /samples,v2 Swagger API Parameters (Post) /samples,v2 Swagger API Parameters (Post) /sequences_summary,v2 Swagger API Parameters (Post) /sequences_data,v2 Dec 2017,SQL Data Model (v2 AIRR view),v2 SQL IPA Service Response,v2 SQL IPA Service Parameters (Get),v2 SQL IPA Service Parameters (Post),v2 Mongo IPA Service Response,v2 Mongo IPA Service Parameters (Post),v2 Mongo IPA Service Parameters (Post),v2 VDJServer Service Response,v2 VDJServer Service Parameters (Post),v2VDJServer Service Parameters (Post),Mongo Data Model,Gateway Search,Gateway Long Name,Gateway Short Name,Field value (example),Data type,Content type,Collection / subset,MiAIRR field designation,AIRR Formats WG field name,Field value (example),Data type,Content type,,,
1 / study,,,Study,study_id,Study,study_id, , ,Bioproject_ID,sra_accession,sra_accession, ,,,,study_id,study_id,study_id,,,Y,study_id,study_id,study_id,study_id,study_id,study_id,study_id,study_id,study_id,study_id,study_id,study_id,Study,Study,PRJNA349,String ,Alphanumeric UID assigned by NCBI,1 / study,Study,study_id,PRJNA349,String ,Alphanumeric UID assigned by NCBI,,,
1 / study,,,Study title,study_title,Study title,study_title, , ,Project_name,project_name,project_name, ,,,,study_title,study_title,study_title,,,Y,study_title,study_title,study_title,study_title,study_title,study_title,study_title,study_title,study_title,study_title,study_title,study_title,Study title,Study title,Publication or protocol title,String ,UID assigned by submitter,1 / study,Study title,study_title,Publication or protocol title,String ,UID assigned by submitter,,,
1 / study,,,Study type,study_description,Study type,study_description, , ,Study_Type,project_type,project_type, ,,,,study_description,study_description,study_description,,,Y,study_description,study_description,study_description,study_description,study_description,study_description,study_description,study_description,study_description,study_description,study_description,study_description,Study type,Study type,Placebo controlled phase 3 clinical trial,String,Free text,1 / study,Study type,study_description,Placebo controlled phase 3 clinical trial,String,Free text,,,
1 / study,,,Study inclusion/exclusion criteria,inclusion_exclusion_criteria,Study inclusion/exclusion criteria,inclusion_exclusion_criteria, , ,Study_Inclusion,,, ,,,,inclusion_exclusion_criteria,,,,, ,,,,,,,,,,,,,Study inclusion/exclusion criteria,Study inclusion/exclusion criteria,,String,Free text,1 / study,Study inclusion/exclusion criteria,inclusion_exclusion_criteria,,String,Free text,,,
1 / study,,,Grant funding agency,grants,Grant funding agency,grants, , ,Grants,,, ,,,,grants,,,,, ,,,,,,,,,,,,,Grant funding agency,Grant funding agency,NIH,String,Free text,1 / study,Grant funding agency,grants,NIH,String,Free text,,,
1 / study,1,1,Contact information (data collection),collected_by,Lab name,lab_name, , ,"Lab_name, Center_Name",lab_name,lab_name, ,,,,lab_name,lab_name,lab_name,,,Y,lab_name,lab_name,lab_name,lab_name,lab_name,lab_name,lab_name,lab_name,lab_name,lab_name,lab_name,lab_name,Lab name,Lab name,Stibbons Lab,String,Free text,1 / study,Lab name,lab_name,abc Lab,String,Free text,,,
1 / study,1,1,Lab name,lab_name,Contact information (data collection),collected_by, , ,First_Authors_and_PI_year,,, ,,,,collected_by,,,,, ,,,,,,,,,,,,,Contact information (data collection),Contact information (data collection),p.stibbons@unseenu.edu,String,RFC6530-compliant email address,1 / study,Contact information (data collection),collected_by,p.stibbons@unseenu.edu,String,RFC6530-compliant email address,,,
1 / study,1,1,Lab address,lab_address,Contact information (data deposition),submitted_by, , ,Submitted_by,,, ,,,,submitted_by,,,,, ,,,,,,,,,,,,,Contact information (data deposition),Contact information (data deposition),Dr. P. Stibbons,String,Free text,1 / study,Contact information (data deposition),submitted_by,Dr. P. Stibbons,String,Free text,,,
1 / study,1,1,Contact information (data deposition),submitted_by,Lab address,lab_address, , ,Lab_address,,, ,,,,lab_address,,,,, ,,,,,,,,,,,,,Lab address,Lab address,"Stibbons Lab, School of Medicine, Unseen University, Ankh-Morpork, Disk World",String,Free text,1 / study,Lab address,lab_address,"Stibbons Lab, School of Medicine, Unseen University, Ankh-Morpork, Disk World",String,Free text,,,
1 / study,,,Relevant publications,pub_ids,Relevant publications,pub_ids, , ,Relevant_publications,,, ,,,,pub_ids,,,,, ,,,,,,,,,,,,,Relevant publications,Relevant publications,PMID85642,String,UID assigned by PubMed (PMID),1 / study,Relevant publications,pub_ids,PMID85642,String,UID assigned by PubMed (PMID),,,
1 / subject,,,Subject ID,subject_id,Subject ID,subject_id, , ,Donors,subject_code,subject_code, ,,,,subject_id,subject_id,subject_id,,,Y,subject_id,subject_id,subject_id,subject_id,subject_id,subject_id,subject_id,subject_id,subject_id,subject_id,subject_id,subject_id,Subject ID,Subject ID,SUB856413,String,UID assigned by submitter,1 / subject,Subject ID,subject_id,SUB856413,String,UID assigned by submitter,,,
1 / subject,,,Synthetic library,synthetic,Synthetic library,synthetic, , ,Synthetic,,, ,,,,synthetic,,,,, ,,,,,,,,,,,,,Synthetic library,Synthetic library,TRUE for libraries in which the diversity has been synthetically generated (e.g. phage display),Boolean,TRUE/FALSE,1 / subject,Organism-based or synthetic,organism,Homo sapiens,String,Controlled vocabulary,,,
1 / subject,,,Organism,organism,Organism,organism, , ,Organism,subject_species,subject_species, ,,,,organism,organism,organism,,,Y,organism,organism,organism,organism,organism,organism,organism,organism,organism,organism,organism,organism,Organism,Organism,Homo sapiens,String,Controlled vocabulary,1 / subject,Sex,sex,"human, mouse or synthetic based study",String,Controlled vocabulary,,,
1 / subject,,,Sex,sex,Sex,sex, , ,Sex,subject_gender,subject_gender, ,,,,sex,sex,sex,,,Y,sex,sex,sex,sex,sex,sex,sex,sex,sex,sex,sex,sex,Sex,Sex,,Char,Controlled vocabulary,1 / subject,Age,age,,Char,Controlled vocabulary,,,
1 / subject,,,Age,age,Age,age, , ,Age,,, ,,,,age,,,,, ,,,,,,,,,,,,,Age,Age,200 days,String,Time duration and unit,1 / subject,Age event,age_event,200 days,String,Time duration and unit,,,
1 / subject,,,Age event,age_event,Age event,age_event, , ,Age_event,,, ,,,,age_event,,,,, ,,,,,,,,,,,,,Age event,Age event,Enrollment,String,Free text,1 / subject,Ancestry population,ancestry_population,Enrollment,String,Free text,,,
1 / subject,,,Ancestry population,ancestry_population,Ancestry population,ancestry_population, , ,Ancestry_population,,, ,,,,ancestry_population,,,,, ,,,,,,,,,,,,,Ancestry population,Ancestry population,,String,Free text,1 / subject,Ethnicity,ethnicity,,String,Free text,,,
1 / subject,,,Ethnicity,ethnicity,Ethnicity,ethnicity, , ,Ethnicity,subject_ethnicity,subject_ethnicity, ,,,,ethnicity,ethnicity,ethnicity,,,Y,ethnicity,ethnicity,ethnicity,ethnicity,ethnicity,ethnicity,ethnicity,ethnicity,ethnicity,ethnicity,ethnicity,ethnicity,Ethnicity,Ethnicity,Tamil and Sinhalese,String,Free text,1 / subject,Race,race,Tamil and Sinhalese,String,Free text,,,
1 / subject,,,Race,race,Race,race, , ,Race,,, ,,,,race,,,,, ,,,,,,,,,,,,,Race,Race,South Indian,String,Free text,1 / subject,Species name,species_name,South Indian,String,Free text,,,
1 / subject,,,Strain name,strain_name,Strain name,strain_name, , ,Strain_name,,, ,,,,strain_name,,,,, ,,,,,,,,,,,,,Strain name,Strain name,C57BL/6J,String,Free text,1 / subject,Strain name,strain_name,C57BL/6J,String,Free text,,,
1 / subject,,,Relation to other subjects,linked_subjects,Relation to other subjects,linked_subjects, , ,linked_subjects,,, ,,,,linked_subjects,,,,, ,,,,,,,,,,,,,Relation to other subjects,Relation to other subjects,SUB1355648,String,Subject ID,1 / subject,Relation to other subjects,linked_subjects,SUB1355648,String,Subject ID,,,
1 / subject,,,Relation type,link_type,Relation type,link_type, , ,Link_type,,, ,,,,link_type,,,,, ,,,,,,,,,,,,,Relation type,Relation type,"sister, father, daughter",String,Controlled vocabulary,1 / subject,Relation type,link_type,"sister, father, daughter",String,Controlled vocabulary,,,
1 / diag. & intervent.,,,Study group description,study_group_description,Study group description,study_group_description, , ,Study_group_description,case_control_name,case_control_name, ,,,,study_group_description,study_group_description,study_group_description,,,Y,study_group_description,study_group_description,study_group_description,study_group_description,study_group_description,study_group_description,study_group_description,study_group_description,study_group_description,study_group_description,study_group_description,study_group_description,Study group description,Study Group,Case vs. Control,String,Free text,1 / diag. & intervent.,Study group description,study_group_description,Case vs. Control,String,Free text,,,
1 / diag. & intervent.,,,Diagnosis,disease_diagnosis,Diagnosis,disease_diagnosis, , ,Disease_Diagnosis,,, ,,,,disease_diagnosis,,,,, ,,,,,,,,,,,,,Diagnosis,Diagnosis,"infection, metastasis ",String,Free text,1 / diag. & intervent.,Diagnosis,disease_diagnosis,"infection, metastasis ",String,Free text,,,
1 / diag. & intervent.,,,Length of disease,disease_length,Length of disease,disease_length, , ,Disease_length,,, ,,,,disease_length,,,,, ,,,,,,,,,,,,,Length of disease,Length of disease,5 years,String,Time duration and unit,1 / diag. & intervent.,Length of disease,disease_length,5 years,String,Time duration and unit,,,
1 / diag. & intervent.,,,Disease stage,disease_stage,Disease stage,disease_stage, , ,Disease_stage,,, ,,,,disease_stage,,,,, ,,,,,,,,,,,,,Disease stage,Disease stage,"Tumor, nodes or mets",String,Free text,1 / diag. & intervent.,Disease stage,disease_stage,"Tumor, nodes or mets",String,Free text,,,
1 / diag. & intervent.,,,Prior therapies for primary disease under study,prior_therapies,Prior therapies for primary disease under study,prior_therapies, , ,Prior_therapies,,, ,,,,prior_therapies,,,,, ,,,,,,,,,,,,,Prior therapies for primary disease under study,Prior therapies for primary disease under study,"Surgery, medications etc.",String,Free text,1 / diag. & intervent.,Prior therapies for primary disease under study,prior_therapies,"Surgery, medications etc.",String,Free text,,,
1 / diag. & intervent.,,,Immunogen/agent,immunogen,Immunogen/agent,immunogen, , ,Immunogen,,, ,,,,immunogen,,,,, ,,,,,,,,,,,,,Immunogen/agent,Immunogen/agent,Vaccine,String,Free text,1 / diag. & intervent.,Immunogen/agent,immunogen,Vaccine,String,Free text,,,
1 / diag. & intervent.,,,Intervention definition,intervention,Intervention definition,intervention, , ,Intervention,,, ,,,,intervention,,,,, ,,,,,,,,,,,,,Intervention definition,Intervention definition,"Drug, Vaccine, Surgery etc.",String,Free text,1 / diag. & intervent.,Intervention definition,intervention,"Drug, Vaccine, Surgery etc.",String,Free text,,,
1 / diag. & intervent.,,,Other relevant medical history,medical_history,Other relevant medical history,medical_history, , ,medical_history,,, ,,,,medical_history,,,,, ,,,,,,,,,,,,,Other relevant medical history,Other relevant medical history,"Medications, surgeries, other conditions",String,Free text,1 / diag. & intervent.,Other relevant medical history,medical_history,"Medications, surgeries, other conditions",String,Free text,,,
2 / sample,,,Biological sample ID,sample_id,Biological sample ID,sample_id, , ,Sample_Identifier,sample_name,sample_name, ,,,,sample_id,sample_id,sample_id,,,Y,sample_id,sample_id,sample_id,sample_id,sample_id,sample_id,sample_id,sample_id,sample_id,sample_id,sample_id,sample_id,Biological sample ID,Sample ID,SUP52415,String,UID assigned by submitter,2 / sample,Biological sample ID,sample_id,SUP52415,String,UID assigned by submitter,,,
2 / sample,,,Sample type,sample_type,Sample type,sample_type, , ,Sample_Type,,, ,,,,sample_type,,,,, ,,,,,,,,,,,,,Sample type,Sample type,"The way the sample was obtained, e.g. biopsy, fine-needle aspirate, organ harvest",String,Free text,2 / sample,Sample type,sample_type,"The way the sample was obtained, e.g. biopsy, fine-needle aspirate, organ harvest",String,Free text,,,
2 / sample,,,Tissue,tissue,Tissue,tissue, , ,Tissue,sample_source_name,sample_source_name, ,,,,tissue,tissue,tissue,,,Y,tissue,tissue,tissue,tissue,tissue,tissue,tissue,tissue,tissue,tissue,tissue,tissue,Tissue,Tissue,"The actual tissue, e.g. bone marrow, liver, peripheral blood",String,Free text,2 / sample,Tissue,tissue,"The actual tissue, e.g. bone marrow, liver, peripheral blood",String,Free text,,,
2 / sample,,,Anatomic site,anatomic_site,Anatomic site,anatomic_site, , ,Anatomic_site,,, ,,,,anatomic_site,,,,, ,,,,,,,,,,,,,Anatomic site,Anatomic site,"The location of the tissue, e.g. Inguinal, femur",String,Free text,2 / sample,Anatomic site,anatomic_site,"The location of the tissue, e.g. Inguinal, femur",String,Free text,,,
2 / sample,,,Disease state of sample,disease_state_sample,Disease state of sample,disease_state_sample, , ,Disease_State,disease_state_name,disease_state_name, ,,,,disease_state_sample,disease_state_sample,disease_state_sample,,,Y,disease_state_sample,disease_state_sample,disease_state_sample,disease_state_sample,disease_state_sample,disease_state_sample,disease_state_sample,disease_state_sample,disease_state_sample,disease_state_sample,disease_state_sample,disease_state_sample,Disease state of sample,Sample disease state,tumor vs. margin,String,Free text,2 / sample,Disease state of sample,disease_state_sample,tumor vs. margin,String,Free text,,,
2 / sample,,1,Sample collection time,collection_time_point_relative,Sample collection time,collection_date, , ,Time_Points,,, ,,,,collection_date,,,,, ,,,,,,,,,,,,,Sample collection time,Sample collection time,10 Days,String,Free text,2 / sample,Sample collection time,collection_date,10 Days,String,Free text,,,
2 / sample,1,1,Collection time event,collection_time_point_reference,Collection time event (T0),collection_time_event, , ,Collection_time_event,,, ,,,,collection_time_event,,,,, ,,,,,,,,,,,,,Collection time event (T0),Collection time event (T0),"vaccination, recruitment, treatment",String,Free text,2 / sample,Collection time event (T0),collection_time_event,"vaccination, recruitment, treatment",String,Free text,,,
2 / sample,,,Biomaterial provider,biomaterial_provider,Biomaterial provider,biomaterial_provider, , ,Biomaterial_provider,,, ,,,,biomaterial_provider,,,,, ,,,,,,,,,,,,,Biomaterial provider,Biomaterial provider,XYZ Pharma,String,Free text,2 / sample,Commercial source,source_commercial,XYZ Pharma,String,Free text,,,
3 / process (cell),,,Tissue processing,tissue_processing,Tissue processing,tissue_processing, , ,Tissue_processing,,, ,,,,tissue_processing,,,,, ,,,,,,,,,,,,,Tissue processing,Tissue processing,Enzymatic digestion and/or physical methods used to isolate cells from sample,String,Free text,3 / process (cell),Tissue processing,tissue_processing,Enzymatic digestion and/or physical methods used to isolate cells from sample,String,Free text,,,
3 / process (cell),,,Cell subset,cell_subset,Cell subset,cell_subset, , ,Cell_Type,ireceptor_cell_subset_name,ireceptor_cell_subset_name, ,,,,cell_subset,cell_subset,cell_subset,,,Y,cell_subset,cell_subset,cell_subset,cell_subset,cell_subset,cell_subset,cell_subset,cell_subset,cell_subset,cell_subset,cell_subset,cell_subset,Cell subset,Cell subset,,String,Controlled vocabulary,3 / process (cell),Cell subset,cell_subset,,String,Controlled vocabulary,,,
3 / process (cell),,,Cell subset phenotype,cell_phenotype,Cell subset phenotype,cell_phenotype, , ,Cell_markers,lab_cell_subset_name,lab_cell_subset_name, ,,,,cell_phenotype,cell_phenotype,cell_phenotype,,,Y,cell_phenotype,cell_phenotype,cell_phenotype,cell_phenotype,cell_phenotype,cell_phenotype,cell_phenotype,cell_phenotype,cell_phenotype,cell_phenotype,cell_phenotype,cell_phenotype,Cell subset phenotype,Cell subset phenotype,,String,Free text,3 / process (cell),Cell subset phenotype,cell_phenotype,,String,Free text,,,
3 / process (cell),,,Single-cell sort,single_cell,Single-cell sort,single_cell, , ,Single_cell,,, ,,,,single_cell,,,,, ,,,,,,,,,,,,,Single-cell sort,Single-cell sort,TRUE,Boolean,Controlled vocabulary,3 / process (cell),Single-cell sort,single_cell,TRUE,Boolean,Controlled vocabulary,,,
3 / process (cell),,,Number of cells in experiment,cell_number,Number of cells in experiment,cell_number, , ,Number_of_reads_per_rxn,,, ,,,,cell_number,,,,, ,,,,,,,,,,,,,Number of cells in experiment,Number of cells in experiment,100,Unsigned integer,number,3 / process (cell),Number of cells in experiment,cell_number,100,Unsigned integer,number,,,
3 / process (cell),,,Number of cells per sequencing reaction,cells_per_reaction,Number of cells per sequencing reaction,cells_per_reaction, , ,Estimated_Number_cells_per_seq_rxn, , , ,,,,cells_per_reaction,,,,, ,,,,,,,,,,,,,Number of cells per sequencing reaction,Number of cells per sequencing reaction,100,Unsigned integer,number,3 / process (cell),Number of cells per sequencing reaction,cells_per_reaction,100,Unsigned integer,number,,,
3 / process (cell),,,Cell storage,cell_storage,Cell storage,cell_storage, , ,Cell_storage,,, ,,,,cell_storage,,,,, ,,,,,,,,,,,,,Cell storage,Cell storage,Yes,Boolean,YES/NO,3 / process (cell),Cell storage,cell_storage,Yes,Boolean,YES/NO,,,
3 / process (cell),,,Cell quality,cell_quality,Cell quality,cell_quality, , ,Cell_quality,,, ,,,,cell_quality,,,,, ,,,,,,,,,,,,,Cell quality,Cell quality,Viability,String,Free text,3 / process (cell),Cell quality,cell_quality,Viability,String,Free text,,,
3 / process (cell),,,Cell isolation / enrichment procedure,cell_isolation,Cell isolation / enrichment procedure,cell_isolation, , ,Cell_isolation,,, ,,,,cell_isolation,,,,, ,,,,,,,,,,,,,Cell isolation / enrichment procedure,Cell isolation / enrichment procedure,Flow cytometry or magnetic bead enrichment,String,Free text,3 / process (cell),Cell isolation / enrichment procedure,cell_isolation,Flow cytometry or magnetic bead enrichment,String,Free text,,,
3 / process (cell),,,Processing protocol,cell_processing_protocol,Processing protocol,cell_processing_protocol, , ,Cell_processing_protocol,,, ,,,,cell_processing_protocol,,,,, ,,,,,,,,,,,,,Processing protocol,Processing protocol,Stimulation with cytokines or cells,String,Free text,3 / process (cell),Processing protocol,cell_processing_protocol,Stimulation with cytokines or cells,String,Free text,,,
3 / process (nucl. acid),,1,Target substrate,template_class,Target substrate,library_source, , ,DNA_type,dna_type,dna_type, ,,,,library_source,library_source,library_source,,,Y,library_source,library_source,library_source,library_source,library_source,library_source,library_source,library_source,library_source,library_source,library_source,library_source,Target substrate,Target substrate,(DNA|RNA),String,Controlled vocabulary,3 / process (nucl. acid),Target substrate,library_source,(DNA|RNA),String,Controlled vocabulary,,,
3 / process (nucl. acid),,1,Target substrate quality,template_quality,Target substrate quality,library_quality, , ,Library_quality,,, ,,,,library_quality,,,,, ,,,,,,,,,,,,,Target substrate quality,Target substrate quality,"RIN for RNA, or specified in protocol",String,Free text,3 / process (nucl. acid),Target substrate quality,library_quality,"RIN for RNA, or specified in protocol",String,Free text,,,
3 / process (nucl. acid),1,1,Template amount,template_amount,Library generation method,library_construction_method, , ,SRA_Library_Selection,,, ,,,,library_construction_method,,,,, ,,,,,,,,,,,,,Library generation method,Library generation method,,String,Free text,3 / process (nucl. acid),Library generation method,library_construction_method,,String,Free text,,,
3 / process (nucl. acid),1,1,Library generation method,library_generation_method,Library generation protocol,library_construction_protocol, , ,library_construction_protocol,,, ,,,,library_construction_protocol,,,,, ,,,,,,,,,,,,,Library generation protocol,Library generation protocol,RACE or oligo (nested) amplification based,String,Free text,3 / process (nucl. acid),Library generation protocol,library_construction_protocol,RACE or oligo (nested) amplification based,String,Free text,,,
3 / process (nucl. acid),1,1,Library generation protocol,library_generation_protocol,Target locus for PCR,target_locus_PCR, , ,Target_locus_for_PCR,,, ,,,,target_locus_PCR,,,,, ,,,,,,,,,,,,,Target locus for PCR,Target locus for PCR,Constant region vs. V region amplification,String,Free text,3 / process (nucl. acid),Target locus for PCR,target_locus_PCR,Constant region vs. V region amplification,String,Free text,,,
3 / process (nucl. acid),1,1,Protocol IDs,library_generation_kit_version,Forward PCR primer target location,forward_PCR_primer_target_location, , ,forward_PCR_primer_target_location,,, ,,,,forward_PCR_primer_target_location,,,,, ,,,,,,,,,,,,,Forward PCR primer target location,Forward PCR primer target location,FR1,String,Free text,3 / process (nucl. acid),Forward PCR primer target location,forward_PCR_primer_target_location,FR1,String,Free text,,,
3 / process (nucl. acid),1,1,Target locus for PCR,pcr_target_locus,Reverse PCR primer target location,reverse_PCR_primer_target_location, , ,reverse_PCR_primer_target_location,,, ,,,,reverse_PCR_primer_target_location,,,,, ,,,,,,,,,,,,,Reverse PCR primer target location,Reverse PCR primer target location,Constant region,String,Free text,3 / process (nucl. acid),Reverse PCR primer target location,reverse_PCR_primer_target_location,Constant region,String,Free text,,,
3 / process (nucl. acid),1,1,Forward PCR primer target location,forward_pcr_primer_target_location,Complete sequences,complete_sequences, , ,Complete_sequences,,, ,,,,complete_sequences,,,,, ,,,,,,,,,,,,,Complete sequences,Complete sequences,"To be considered `complete`, a sequences MUST 1) include the first V segment codon that encodes the mature polypeptide chain (i.e. after the leader sequence); 2) include the last complete codon of the J segment (i.e. 1 bp 5' of the J->C splice site); 3) provide sequence information for all positions between 1) and 2). To be considered `complete & untemplated`, the sections of the sequences defined in points 1) to 3) of the previous sentence MUST be untemplated, i.e. MUST NOT overlap with the primers used in library preparation.",String,Controlled vocabulary,3 / process (nucl. acid),Whole vs. partial sequences,whole_vs_partial_sequences,Yes,Boolean,YES/NO,,,
3 / process (nucl. acid),1,1,Reverse PCR primer target location,reverse_pcr_primer_target_location,Physical linkage of different loci,physical_linkage, , ,Physical_linkages,,, ,,,,physical_linkage,,,,, ,,,,,,,,,,,,,Physical linkage of different loci,Physical linkage of different loci,IGH-IGK/IGL-head/head,String,Controlled vocabulary,3 / process (nucl. acid),Physical linkage of different loci,physical_linkage,IGH-IGK/IGL-head/head,String,Controlled vocabulary,,,
3 / process (nucl. acid),1,1,Complete sequences,complete_sequences,Template amount,template_amount, , ,Template_amount,,, ,,,,template_amount,,,,, ,,,,,,,,,,,,,Template amount,Template amount,123.45,Float,number [ng],3 / process (nucl. acid),Template amount,ng_template,123.45,Float,number [ng],,,
3 / process (nucl. acid),1,1,Physical linkage of different loci,physical_linkage,Total reads passing QC filter,total_reads_passing_qc_filter, , ,total_reads_passing_qc_filter,,, ,,,,total_reads_passing_qc_filter,,,,, ,,,,,,,,,,,,,Total reads passing QC filter,Total reads passing QC filter,10,Unsigned integer,Number of usable reads for analysis,3 / process (nucl. acid),Total reads passing QC filter,total_reads_passing_qc_filter,10,Unsigned integer,Number of usable reads for analysis,,,
3 / process (nucl. acid),1,1,Total reads passing QC filter,total_reads_passing_qc_filter,Protocol IDs,protocol_id, , ,protocol_id,,, ,,,,protocol_id,,,,, ,,,,,,,,,,,,,Protocol IDs,Protocol IDs,4501uggt,String,UID either assigned by submitter,3 / process (nucl. acid),Protocol IDs,protocol_id,4501uggt,String,UID either assigned by submitter,,,
3 / process (nucl. acid),,1,Sequencing platform,sequencing_platform,Sequencing platform,platform, , ,Sequencing_method,,, ,,,,platform,platform,platform,,,Y,platform,platform,platform,platform,platform,platform,platform,platform,platform,platform,platform,platform,Sequencing platform,Sequencing platform,Alumina,String,Free text,3 / process (nucl. acid),Sequencing Platform,platform,Alumina,String,Free text,,,
3 / process (nucl. acid),,,Read lengths,read_length,Read lengths,read_length, , ,read_length,,, ,,,,read_length,,,,, ,,,,,,,,,,,,,Read lengths,Read lengths,180,Unsigned integer,Number of base pairs and directions,3 / process (nucl. acid),Read lengths,read_length,180,Unsigned integer,Number of base pairs and directions,,,
3 / process (nucl. acid),,,Sequencing facility,sequencing_facility,Sequencing facility,sequencing_facility, , ,sequencing_facility,,, ,,,,sequencing_facility,,,,, ,,,,,,,,,,,,,Sequencing facility,Sequencing facility,ABC Lab,String,Free text,3 / process (nucl. acid),Sequencing Facility,sequencing_facility,ABC Lab,String,Free text,,,
3 / process (nucl. acid),,1,Batch number,sequencing_run_id,Batch number,batch_number, , ,batch_number,,, ,,,,batch_number,,,,, ,,,,,,,,,,,,,Batch number,Batch number,BAT84562,String,UID either assigned by submitter,3 / process (nucl. acid),Batch number,batch_number,BAT84562,String,UID either assigned by submitter,,,
3 / process (nucl. acid),,,Date of sequencing run,sequencing_run_date,Date of sequencing run,sequencing_run_date, , ,sequencing_run_date,,, ,,,,sequencing_run_date,,,,, ,,,,,,,,,,,,,Date of sequencing run,Date of sequencing run,2016-12-16,String,ISO8601-compliant date,3 / process (nucl. acid),Date of sequencing run,sequencing_run_date,2016-12-16,String,ISO8601-compliant date,,,
3 / process (nucl. acid),,,Sequencing kit,sequencing_kit,Sequencing kit,sequencing_kit, , ,sequencing_kit,,, ,,,,sequencing_kit,,,,, ,,,,,,,,,,,,,Sequencing kit,Sequencing kit,"Manufacturer, Catalog Number, Lot number",String,Free text,3 / process (nucl. acid),Sequencing kit,sequencing_kit,"Manufacturer, Catalog Number, Lot number",String,Free text,,,
4 / data (raw reads),,,Raw sequence data,,Raw sequence data,, , ,,,, ,,,,,,,,, ,,,,,,,,,,,,,Raw sequence data,Raw sequence data,,Blob,FASTQ sequences,4 / data (raw reads),Raw sequence data,,,Blob,FASTQ sequences,,,
5 / process (comput.),,,Software tools and version numbers,software_versions,Software tools and version numbers,software_versions, , ,Software_versions,,, ,,,,software_versions,,,,, ,,,,,,,,,,,,,Software tools and version numbers,Software tools and version numbers,"version number and / or date, include company pipelines",String,Free text,5 / process (comput.),Software tools and version numbers,software_versions,"version number and / or date, include company pipelines",String,Free text,,,
5 / process (comput.),,,Paired read assembly,paired_reads_assembly,Paired read assembly,paired_reads_assembly, , ,Paired_read_assembly,,, ,,,,paired_reads_assembly,,,,, ,,,,,,,,,,,,,Paired read assembly,Paired read assembly,How paired end reads were assembled into a single receptor sequence,String,Free text,5 / process (comput.),Paired read assembly,paired_reads_assembly,How paired end reads were assembled into a single receptor sequence,String,Free text,,,
5 / process (comput.),,,Quality thresholds,quality_thresholds,Quality thresholds,quality_thresholds, , ,quality_thresholds,,, ,,,,quality_thresholds,,,,, ,,,,,,,,,,,,,Quality thresholds,Quality thresholds,How sequences were removed from (4) based on base quality scores,String,Free text,5 / process (comput.),Quality thresholds,quality_thresholds,How sequences were removed from (4) based on base quality scores,String,Free text,,,
5 / process (comput.),,,Primer match cutoffs,primer_match_cutoffs,Primer match cutoffs,primer_match_cutoffs, , ,primer_match_cutoffs,,, ,,,,primer_match_cutoffs,,,,, ,,,,,,,,,,,,,Primer match cutoffs,Primer match cutoffs,"How primers were identified in the sequences, were they removed/masked/etc?",String,Free text,5 / process (comput.),Primer match cutoffs,primer_match_cutoffs,"How primers were identified in the sequences, were they removed/masked/etc?",String,Free text,,,
5 / process (comput.),,,Collapsing method,collapsing_method,Collapsing method,collapsing_method, , ,collapsing_method,,, ,,,,collapsing_method,,,,, ,,,,,,,,,,,,,Collapsing method,Collapsing method,The method used for combining multiple sequences from (4) into a single sequence in (5),String,Free text,5 / process (comput.),Collapsing method,collapsing_method,The method used for combining multiple sequences from (4) into a single sequence in (5),String,Free text,,,
5 / process (comput.),,,Data processing protocols,data_processing_protocols,Data processing protocols,data_processing_protocols, , ,data_processing_protocols,,, ,,,,data_processing_protocols,,,,, ,,,,,,,,,,,,,Data processing protocols,Data processing protocols,General description of how QC is performed,String,Free text,5 / process (comput.),Data processing protocols,data_processing_protocols,General description of how QC is performed,String,Free text,,,
,,,,,,, , ,,subject_age,subject_age, ,,,,ir_subject_age,,,,,Y,ir_subject_age,ir_subject_age,,,ir_subject_age,,,ir_subject_age,,,ir_subject_age,ir_subject_age,Age,Age,,,,,,,,,,,,
,,,,,,, , ,,sra_run_id,sra_run_id, ,,,,ir_sra_run_id,,,,,Y,ir_sra_run_id,ir_sra_run_id,,,ir_sra_run_id,,,ir_sra_run_id,,,ir_sra_run_id,ir_sra_run_id,SRA Run ID,SRA ID,,,,,,,,,,,,
,,,,,,, , ,,marker_1,marker_1, ,,,,ir_marker_1,,,,, ,,,,,,,,,,,,,Marker 1,Marker 1,,,,,,,,,,,,
,,,,,,, , ,,marker_2,marker_2, ,,,,ir_marker_2,,,,, ,,,,,,,,,,,,,Marker 2,Marker 2,,,,,,,,,,,,
,,,,,,, , ,,marker_3,marker_3, ,,,,ir_marker_3,,,,, ,,,,,,,,,,,,,Marker 3,Marker 3,,,,,,,,,,,,
,,,,,,, , ,,marker_4,marker_4, ,,,,ir_marker_4,,,,, ,,,,,,,,,,,,,Marker 4,Marker 4,,,,,,,,,,,,
,,,,,,, , ,,marker_5,marker_5, ,,,,ir_marker_5,,,,, ,,,,,,,,,,,,,Marker 5,Marker 5,,,,,,,,,,,,
,,,,,,, , ,,marker_6,marker_6, ,,,,ir_marker_6,,,,, ,,,,,,,,,,,,,Marker 6,Marker 6,,,,,,,,,,,,
,,,,,,, , ,,project_sample_note,project_sample_note, ,,,,ir_project_sample_note,,,,,Y,ir_project_sample_note,ir_project_sample_note,,,ir_project_sample_note,,,ir_project_sample_note,,,ir_project_sample_note,ir_project_sample_note,Sample Note,Sample Note,,,,,,,,,,,,
,,,,,,, , ,,subject_id,subject_id, ,,,,ir_subject_id,,,,,Y,ir_subject_id,ir_subject_id,,,ir_subject_id,,,ir_subject_id,,,ir_subject_id,ir_subject_id,,,,,,,,,,,,,,
,,,,,,, , ,,project_id,project_id, ,,,,ir_project_id,ir_project_id,ir_project_id,,,Y,ir_project_id,ir_project_id,ir_project_id,ir_project_id,ir_project_id,ir_project_id,ir_project_id,ir_project_id,ir_project_id,ir_project_id,ir_project_id,ir_project_id,,,,,,,,,,,,,,
,,,,,,, , ,,project_parent_id,project_parent_id, ,,,,ir_project_parent_id,,,,,Y,ir_project_parent_id,ir_project_parent_id,,,ir_project_parent_id,,,ir_project_parent_id,,,ir_project_parent_id,ir_project_parent_id,,,,,,,,,,,,,,
,,,,,,, , ,,lab_id,lab_id, ,,,,ir_lab_id,ir_lab_id,ir_lab_id,,,Y,ir_lab_id,ir_lab_id,ir_lab_id,ir_lab_id,ir_lab_id,ir_lab_id,ir_lab_id,ir_lab_id,ir_lab_id,ir_lab_id,ir_lab_id,ir_lab_id,,,,,,,,,,,,,,
,,,,,,, , ,,disease_state_id,disease_state_id, ,,,,ir_disease_state_id,,,,,Y,ir_disease_state_id,ir_disease_state_id,,,ir_disease_state_id,,,ir_disease_state_id,,,ir_disease_state_id,ir_disease_state_id,,,,,,,,,,,,,,
,,,,,,, , ,,case_control_id,case_control_id, ,,,,ir_case_control_id,,,,,Y,ir_case_control_id,ir_case_control_id,,,ir_case_control_id,,,ir_case_control_id,,,ir_case_control_id,ir_case_control_id,,,,,,,,,,,,,,
,,,,,,, , ,,sample_id,sample_id, ,,,,ir_sample_id,,,,,Y,ir_sample_id,ir_sample_id,,,ir_sample_id,,,ir_sample_id,,,ir_sample_id,ir_sample_id,,,,,,,,,,,,,,
,,,,,,,, ,,project_sample_id,project_sample_id, ,,,,ir_project_sample_id,,,,,Y,ir_project_sample_id,ir_project_sample_id,,,ir_project_sample_id,,,ir_project_sample_id,,,ir_project_sample_id,ir_project_sample_id,,,,,,,,,,,,,,
,,,,,,,, ,,sample_subject_id,sample_subject_id,,,,,ir_sample_subject_id,,,,,Y,ir_sample_subject_id,ir_sample_subject_id,,,ir_sample_subject_id,,,ir_sample_subject_id,,,ir_sample_subject_id,ir_sample_subject_id,,,,,,,,,,,,,,
,,,,,,,, ,,dna_id,dna_id,,,,,ir_dna_id,,,,,Y,ir_dna_id,ir_dna_id,,,ir_dna_id,,,ir_dna_id,,,ir_dna_id,ir_dna_id,,,,,,,,,,,,,,
,,,,,,,, ,,sample_source_id,sample_source_id,,,,,ir_sample_source_id,,,,,Y,ir_sample_source_id,ir_sample_source_id,,,ir_sample_source_id,,,ir_sample_source_id,,,ir_sample_source_id,ir_sample_source_id,,,,,,,,,,,,,,
,,,,,,,,,,,,,,,,ir_sequence_count,,,,, ,,,,,,,,,,,,,,,,,,,,,,,,,,
,,,,,,,,,,,,,,,,,ir_username,ir_username,ir_username,ir_username,Y,,,0,0,,0,0,,0,0,,,,,,,,,,,,,,,,
,,,,,,,,,,,,,,,,,ir_subject_age_min,ir_subject_age_min,,, ,,,0,0,,0,0,,0,0,,,,,,,,,,,,,,,,
,,,,,,,,,,,,,,,,,ir_subject_age_max,ir_subject_age_max,,, ,,,0,0,,0,0,,0,0,,,,,,,,,,,,,,,,
,,,,,,,,,,,,,,,,,,,ir_project_sample_id_list,ir_project_sample_id_list,Y,,,,,,,,,,,,,,,,,,,,,,,,,,
,,,,,,,,,,,,,,,,,,,ir_data_format,ir_data_format,Y,,,,,,,,,,,,,,,,,,,,,,,,,,
,,,,,,,,,,,,,,,,,,,,, ,,,,,,,,,,,,,,,,,,,,,,,,,,
,,,,,,,,,,,,,,,,,,,ir_junction_aa_length,ir_junction_aa_length,Y,,,,,,,,,,,,,,,,,,,,,,,,,,
,,,,,,,,,,,,,,,,,,,ir_show_unproductive,ir_show_unproductive,Y,,,,,,,,,,,,,,,,,,,,,,,,,,
6 / data (proc. seq.),,,V(D)J germline reference database,germline_database,V(D)J germline reference database,germline_database,, ,,,,,,,,germline_database,,,,, ,,,,,,,,,,,,,,,,,,6 / data (proc. seq.),V(D)J germline reference database,germline_database,"Source of germline V(D)J segments, with version number or date accessed",String,Free text,,,
6 / data (proc. seq.),,,Cell Index,cell_index,Cell Index,cell_index,cell_index, ,,,,,,,,cell_index,,,,, ,,,,,,,,,,,,,,,,,,6 / data (proc. seq.),Cell Index,cell_index,UID linking sequences from the same cell,Unsigned integer,index,,,
6 / data (proc. seq.),,1,V gene,v_call,V gene,v_allele,v_call, ,,vgene_allele,vgene_allele,vgene_string,V-GENE and allele,,,v_allele,,,v_allele,v_allele,Y,v_allele,v_allele,,,v_allele,,,v_allele,,,v_allele,v_allele,V gene,V gene,,,,6 / data (proc. seq.),V gene,v_allele,V gene with allele,String,Free text,,,
6 / data (proc. seq.),,1,D gene,d_call,D gene,d_allele,d_call, ,,dgene_allele,dgene_allele,dgene_string,D-GENE and allele,,,d_allele,,,d_allele,d_allele,Y,d_allele,d_allele,,,d_allele,,,d_allele,,,d_allele,d_allele,D gene,D gene,,,,6 / data (proc. seq.),D gene,d_allele,D gene with allele,String,Free text,,,
6 / data (proc. seq.),,1,J gene,j_call,J gene,j_allele,j_call, ,,jgene_allele,jgene_allele,jgene_string,J-GENE and allele,,,j_allele,,,j_allele,j_allele,Y,j_allele,j_allele,,,j_allele,,,j_allele,,,j_allele,j_allele,J gene,J gene,,,,6 / data (proc. seq.),J gene,j_allele,J gene with allele,String,Free text,,,
6 / data (proc. seq.),,1,C region,c_call,C region,c_allele,c_call, ,,,,,,,,c_allele,,,,, ,,,,,,,,,,,,,,,,,,6 / data (proc. seq.),C region,c_allele,C region with allele,String,Free text,,,
6 / data (proc. seq.),,,IMGT-JUNCTION nucleotide sequence,junction_nt,IMGT-JUNCTION nucleotide sequence,junction_nt,junction_nt, ,,junction_sequence_nt,junction_sequence_nt,junction_sequence_nt,JUNCTION,,,junction_nt,,,,,,,,,,,,,,,,,,,Junction NT,,,,6 / data (proc. seq.),JUNCTION nucleotide sequence,junction_nt,Sequence of the CDR3 region (nucleotide),String,Free text,,,
6 / data (proc. seq.),,,IMGT-JUNCTION amino acid sequence,junction_aa,IMGT-JUNCTION amino acid sequence,junction_aa,junction_aa, ,,junction_sequence_aa,junction_sequence_aa,junction_sequence_aa,JUNCTION (AA),,,junction_aa,,,junction_aa,junction_aa,Y,junction_aa,junction_aa,,,junction_aa,,,junction_aa,,,junction_aa,junction_aa,JUNCTION amino acid sequence,Junction AA,,,,6 / data (proc. seq.),JUNCTION amino acid sequence,junction_aa,Sequence of the CDR3 region (amino acid),String,Free text,,,
6 / data (proc. seq.),,,Read count,duplicate_count,Read count,duplicate_count,duplicate_count, ,Number_of_reads_per_rxn,,,,,,,duplicate_count,,,,, ,,,,,,,,,,,,,,,,,,6 / data (proc. seq.),read count,duplicate_count,Number of reads of the sequence,Unsigned integer,number,,,
,,,,,,,sequence_id, ,,,,,Sequence ID,,,sequence_id,,,,,Y,sequence_id,sequence_id,,,sequence_id,,,sequence_id,,,sequence_id,sequence_id,Read/sequence identifier,Read/sequence identifier,,,,,Read/sequence identifier, ,,string,mandatory,,,
,,,,,,,sequence, ,,,,,Sequence,,,sequence,,,,,Y,sequence,sequence,,,sequence,,,sequence,,,sequence,sequence,"Nucleotide sequence (e.g., the ""read"" sequence; revcomp'd if necessary)","Nucleotide sequence (e.g., the ""read"" sequence; revcomp'd if necessary)",,,,,"Nucleotide sequence (e.g., the ""read"" sequence; revcomp'd if necessary)", ,,string,mandatory,,,
,,,,,,,sample_id, ,,,,, ,,,sample_id,,,,,Y,sample_id,sample_id,,,sample_id,,,sample_id,,,sample_id,sample_id,"The biological sample this read derives from (e.g., from BioSample database)","The biological sample this read derives from (e.g., from BioSample database)",,,,,"The biological sample this read derives from (e.g., from BioSample database)", ,,string,mandatory,,,
,,,,,,,constant, ,,,,,,,,constant,,,,, ,,,,,,,,,,,,,,,,,,,"Constant region gene (e.g., IGHG4, IGHA2, IGHE, TRBC)", ,,string,mandatory,,,
,,,,,,functional,functional, ,,functionality,functionality,functionality,Functionality,,,functional,,,functional,functional,Y,functional,functional,,,functional,,,functional,,,functional,functional,VDJ sequence is predicted to be functional,VDJ sequence is predicted to be functional,,,,,VDJ sequence is predicted to be functional, ,,boolean,mandatory,,,
,,,,,,,rev_comp, ,,orientation,orientation,orientation,Orientation,,,rev_comp,,,,,Y,rev_comp,rev_comp,,,rev_comp,,,rev_comp,,,rev_comp,rev_comp,Sequence is reverse complemented,Sequence is reverse complemented,,,,,Sequence is reverse complemented, ,,boolean,mandatory,,,
,,,,,,,cell_index, ,,,,,,,,cell_index,,,,,N,,,,,,,,,,,,,,,,,,,"Cell index for single-cell sequencing. Also used for associating paired chains (e.g., heavy/light, alpha/beta)", ,,string,,,,
,,,,,,,v_call, ,,vgene_string,vgene_string,vgene_string,V-GENE and allele,,,v_call,,,,,N,,,,,,,,,,,,,,,,,,,V allele assignment, ,,string,mandatory,,,
,,,,,,,d_call, ,,dgene_string,dgene_string,dgene_string,D-GENE and allele,,,d_call,,,,,N,,,,,,,,,,,,,,,,,,,D allele assignment, ,,string,mandatory,,,
,,,,,,,j_call, ,,jgene_string,jgene_string,jgene_string,J-GENE and allele,,,j_call,,,,,N,,,,,,,,,,,,,,,,,,,J allele assignment, ,,string,mandatory,,,
,,,,,,,c_call, ,,,,,,,,c_call,,,,,N,,,,,,,,,,,,,,,,,,,C gene assignment, ,,string,mandatory,,,
,,,,,,,v_score, ,,vgene_score,vgene_score,vgene_score,V-REGION score,,,v_score,,,,,Y,v_score,v_score,,,v_score,,,v_score,,,v_score,v_score,V alignment score,V alignment score,,,,,V alignment score, ,,float,mandatory,,,
,,,,,,,d_score, ,,dgene_score,dgene_score,dgene_score,D-REGION score,,,d_score,,,,,Y,d_score,d_score,,,d_score,,,d_score,,,d_score,d_score,D alignment score,D alignment score,,,,,D alignment score, ,,float,mandatory,,,
,,,,,,,j_score, ,,jgene_score,jgene_score,jgene_score,J-REGION score,,,j_score,,,,,Y,j_score,j_score,,,j_score,,,j_score,,,j_score,j_score,J alignment score,J alignment score,,,,,J alignment score, ,,float,mandatory,,,
,,,,,,,c_score, ,,,,,,,,c_score,,,,, ,,,,,,,,,,,,,,,,,,,C alignment score, ,,float,mandatory,,,
,,,,,,,v_cigar, ,,,,,,,,v_cigar,,,,, ,,,,,,,,,,,,,,,,,,,V alignment CIGAR string, ,,string,mandatory,,,
,,,,,,,d_cigar, ,,,,,,,,d_cigar,,,,, ,,,,,,,,,,,,,,,,,,,D alignment CIGAR string, ,,string,mandatory,,,
,,,,,,,j_cigar, ,,,,,,,,j_cigar,,,,, ,,,,,,,,,,,,,,,,,,,J alignment CIGAR string, ,,string,mandatory,,,
,,,,,,,c_cigar, ,,,,,,,,c_cigar,,,,, ,,,,,,,,,,,,,,,,,,,C alignment CIGAR string, ,,string,mandatory,,,
,,,,,,,junction_nt, ,,junction_sequence_nt,junction_sequence_nt,junction_sequence_nt,JUNCTION,,,junction_nt,,,,,N,,,,,,,,,,,,,,,,,,,Nucleotide sequence of the junction region (CDR3 plus conserved residues), ,,string,mandatory,,,
,,,,,,,junction_aa, ,,junction_sequence_aa,junction_sequence_aa,junction_sequence_aa,JUNCTION (AA),,,junction_aa,,,,,N,,,,,,,,,,,,,,,,,,,Amino acid sequence of the junction region (CDR3 plus conserved residues), ,,string,mandatory,,,
,,,,,,,v_evalue, ,,,,,,,,v_evalue,,,,, ,,,,,,,,,,,,,,,,,,,V alignment E-value (when applicable), ,,float,,,,
,,,,,,,d_evalue, ,,,,,,,,d_evalue,,,,, ,,,,,,,,,,,,,,,,,,,D alignment E-value (when applicable), ,,float,,,,
,,,,,,,j_evalue, ,,,,,,,,j_evalue,,,,, ,,,,,,,,,,,,,,,,,,,J alignment E-value (when applicable), ,,float,,,,
,,,,,,,v_identity, ,,,,,,,,v_identity,,,,, ,,,,,,,,,,,,,,,,,,,V alignment identity, ,,float,,,,
,,,,,,,d_identity, ,,,,,,,,d_identity,,,,, ,,,,,,,,,,,,,,,,,,,D alignment identity, ,,float,,,,
,,,,,,,j_identity, ,,,,,,,,j_identity,,,,, ,,,,,,,,,,,,,,,,,,,J alignment identity, ,,float,,,,
,,,,,,,vdj_score, ,,,,,,,,vdj_score,,,,, ,,,,,,,,,,,,,,,,,,,Score for aligners that consider the full sequence as a whole, ,,float,,,,
,,,,,,,vdj_evalue, ,,,,,,,,vdj_evalue,,,,, ,,,,,,,,,,,,,,,,,,,E-value for aligners that consider the full sequence as a whole, ,,float,,,,
,,,,,,,vdj_identity, ,,,,,,,,vdj_identity,,,,, ,,,,,,,,,,,,,,,,,,,Identity for aligners that consider the full sequence as a whole, ,,float,,,,
,,,,,,,vdj_cigar, ,,,,,,,,vdj_cigar,,,,, ,,,,,,,,,,,,,,,,,,,VDJ alignment CIGAR string, ,,string,,,,
,,,,,,,v_start, ,,vregion_start,vregion_start,vregion_start,V-REGION start,,,v_start,,,,,Y,v_start,v_start,,,v_start,,,v_start,,,v_start,v_start,Position of first V nucleotide in 'sequence' field,Position of first V nucleotide in 'sequence' field,,,,,Position of first V nucleotide in 'sequence' field, ,,integer,,,,
,,,,,,,v_germ_start, ,,,,,,,,v_germ_start,,,,, ,,,,,,,,,,,,,,,,,,,Position of 'v_start' field in IMGT numbered germline V(D)J sequence, ,,integer,,,,
,,,,,,,fwr1_start, ,,fr1region_start,fr1region_start,fr1region_start,FR1-IMGT start,,,fwr1_start,,,,,Y,fwr1_start,fwr1_start,,,fwr1_start,,,fwr1_start,,,fwr1_start,fwr1_start,FWR1 start coordinate in sequence (transferred from germline),FWR1 start coordinate in sequence (transferred from germline),,,,,FWR1 start coordinate in sequence (transferred from germline), ,,integer,,,,
,,,,,,,fwr1_end, ,,fr1region_end,fr1region_end,fr1region_end,FR1-IMGT end,,,fwr1_end,,,,,Y,fwr1_end,fwr1_end,,,fwr1_end,,,fwr1_end,,,fwr1_end,fwr1_end,FWR1 end coordinate in sequence (transferred from germline),FWR1 end coordinate in sequence (transferred from germline),,,,,FWR1 end coordinate in sequence (transferred from germline), ,,integer,,,,
,,,,,,,cdr1_start, ,,cdr1region_start,cdr1region_start,cdr1region_start,CDR1-IMGT start,,,cdr1_start,,,,,Y,cdr1_start,cdr1_start,,,cdr1_start,,,cdr1_start,,,cdr1_start,cdr1_start,CDR1 start coord in sequence (transferred from germline),CDR1 start coord in sequence (transferred from germline),,,,,CDR1 start coord in sequence (transferred from germline), ,,integer,,,,
,,,,,,,cdr1_end, ,,cdr1region_end,cdr1region_end,cdr1region_end,CDR1-IMGT end,,,cdr1_end,,,,,Y,cdr1_end,cdr1_end,,,cdr1_end,,,cdr1_end,,,cdr1_end,cdr1_end,CDR1 end coord in sequence (transferred from germline),CDR1 end coord in sequence (transferred from germline),,,,,CDR1 end coord in sequence (transferred from germline), ,,integer,,,,
,,,,,,,fwr2_start, ,,fr2region_start,fr2region_start,fr2region_start,FR2-IMGT start,,,fwr2_start,,,,,Y,fwr2_start,fwr2_start,,,fwr2_start,,,fwr2_start,,,fwr2_start,fwr2_start,FWR2 start coord in sequence (transferred from germline),FWR2 start coord in sequence (transferred from germline),,,,,FWR2 start coord in sequence (transferred from germline), ,,integer,,,,
,,,,,,,fwr2_end, ,,fr2region_end,fr2region_end,fr2region_end,FR2-IMGT end,,,fwr2_end,,,,,Y,fwr2_end,fwr2_end,,,fwr2_end,,,fwr2_end,,,fwr2_end,fwr2_end,FWR2 end coord in sequence (transferred from germline),FWR2 end coord in sequence (transferred from germline),,,,,FWR2 end coord in sequence (transferred from germline), ,,integer,,,,
,,,,,,,cdr2_start, ,,cdr2region_start,cdr2region_start,cdr2region_start,CDR2-IMGT start,,,cdr2_start,,,,,Y,cdr2_start,cdr2_start,,,cdr2_start,,,cdr2_start,,,cdr2_start,cdr2_start,CDR2 start coord in sequence (transferred from germline),CDR2 start coord in sequence (transferred from germline),,,,,CDR2 start coord in sequence (transferred from germline), ,,integer,,,,
,,,,,,,cdr2_end, ,,cdr2region_end,cdr2region_end,cdr2region_end,CDR2-IMGT end,,,cdr2_end,,,,,Y,cdr2_end,cdr2_end,,,cdr2_end,,,cdr2_end,,,cdr2_end,cdr2_end,CDR2 end coord in sequence (transferred from germline),CDR2 end coord in sequence (transferred from germline),,,,,CDR2 end coord in sequence (transferred from germline), ,,integer,,,,
,,,,,,,fwr3_start, ,,fr3region_start,fr3region_start,fr3region_start,FR3-IMGT start,,,fwr3_start,,,,,Y,fwr3_start,fwr3_start,,,fwr3_start,,,fwr3_start,,,fwr3_start,fwr3_start,FWR3 start coord in sequence (transferred from germline),FWR3 start coord in sequence (transferred from germline),,,,,FWR3 start coord in sequence (transferred from germline), ,,integer,,,,
,,,,,,,fwr3_end, ,,fr3region_end,fr3region_end,fr3region_end,FR3-IMGT end,,,fwr3_end,,,,,Y,fwr3_end,fwr3_end,,,fwr3_end,,,fwr3_end,,,fwr3_end,fwr3_end,FWR3 end coord in sequence (transferred from germline),FWR3 end coord in sequence (transferred from germline),,,,,FWR3 end coord in sequence (transferred from germline), ,,integer,,,,
,,,,,,,cdr3_start, ,,cdr3region_start,cdr3region_start,cdr3region_start,CDR3-IMGT start,,,cdr3_start,,,,,Y,cdr3_start,cdr3_start,,,cdr3_start,,,cdr3_start,,,cdr3_start,cdr3_start,CDR3 start coord in sequence (transferred from germline),CDR3 start coord in sequence (transferred from germline),,,,,CDR3 start coord in sequence (transferred from germline), ,,integer,,,,
,,,,,,,cdr3_end, ,,cdr3region_end,cdr3region_end,cdr3region_end,CDR3-IMGT end,,,cdr3_end,,,,,Y,cdr3_end,cdr3_end,,,cdr3_end,,,cdr3_end,,,cdr3_end,cdr3_end,CDR3 end coord in sequence (transferred from germline),CDR3 end coord in sequence (transferred from germline),,,,,CDR3 end coord in sequence (transferred from germline), ,,integer,,,,
,,,,,,,fwr4_start, ,,fr4region_start,fr4region_start,fr4region_start,FR4-IMGT start,,,fwr4_start,,,,,Y,fwr4_start,fwr4_start,,,fwr4_start,,,fwr4_start,,,fwr4_start,fwr4_start,FWR3 start coord in sequence (transferred from germline),FWR3 start coord in sequence (transferred from germline),,,,,FWR3 start coord in sequence (transferred from germline), ,,integer,,,,
,,,,,,,fwr4_end, ,,fr4region_end,fr4region_end,fr4region_end,FR4-IMGT end,,,fwr4_end,,,,,Y,fwr4_end,fwr4_end,,,fwr4_end,,,fwr4_end,,,fwr4_end,fwr4_end,FWR4 end coord in sequence (transferred from germline),FWR4 end coord in sequence (transferred from germline),,,,,FWR4 end coord in sequence (transferred from germline), ,,integer,,,,
,,,,,,,v_end, ,,vregion_end,vregion_end,vregion_end,V-REGION end,,,v_end,,,,,Y,v_end,v_end,,,v_end,,,v_end,,,v_end,v_end,End coordinate of the V segment (generally inside the CDR3),End coordinate of the V segment (generally inside the CDR3),,,,,End coordinate of the V segment (generally inside the CDR3), ,,integer,,,,
,,,,,,,d_start, ,,dregion_start,dregion_start,dregion_start,D-REGION start,,,d_start,,,,,Y,d_start,d_start,,,d_start,,,d_start,,,d_start,d_start,Start coordinate of the D segment,Start coordinate of the D segment,,,,,Start coordinate of the D segment, ,,integer,,,,
,,,,,,,d_germ_start, ,,,,,,,,d_germ_start,,,,, ,,,,,,,,,,,,,,,,,,,Position of 'd_start' field in IMGT numbered germline V(D)J sequence, ,,integer,,,,
,,,,,,,d_end, ,,dregion_end,dregion_end,dregion_end,D-REGION end,,,d_end,,,,,Y,d_end,d_end,,,d_end,,,d_end,,,d_end,d_end,End coordinate of the D segment,End coordinate of the D segment,,,,,End coordinate of the D segment, ,,integer,,,,
,,,,,,,j_start, ,,jregion_start,jregion_start,jregion_start,J-REGION start,,,j_start,,,,,Y,j_start,j_start,,,j_start,,,j_start,,,j_start,j_start,Start coordinate of the J segment (generally inside the CDR3),Start coordinate of the J segment (generally inside the CDR3),,,,,Start coordinate of the J segment (generally inside the CDR3), ,,integer,,,,
,,,,,,,j_germ_start, ,,,,,,,,j_germ_start,,,,, ,,,,,,,,,,,,,,,,,,,Position of 'j_start' field in IMGT numbered germline V(D)J sequence, ,,integer,,,,
,,,,,,,j_end, ,,jregion_end,jregion_end,jregion_end,J-REGION end,,,j_end,,,,,Y,j_end,j_end,,,j_end,,,j_end,,,j_end,j_end,End coordinate of the J segment,End coordinate of the J segment,,,,,End coordinate of the J segment, ,,integer,,,,
,,,,,,junction_length,junction_length, ,,,junction_sequence_nt,junction_sequence_nt,(CDR3-IMGT length + 2) * 3,,,junction_length,,,junction_length,junction_length,Y,junction_length,junction_length,,,junction_length,,,junction_length,,,junction_length,junction_length,Number of junction nucleotides in sequence_vdj,Number of junction nucleotides in sequence_vdj,,,,,Number of junction nucleotides in sequence_vdj, ,,integer,,,,
,,,,,,,np1_length, ,,,,,,,,np1_length,,,,, ,,,,,,,,,,,,,,,,,,,Number of of nucleotides between sample V and D sequences, ,,integer,,,,
,,,,,,,np2_length, ,,,,,,,,np2_length,,,,, ,,,,,,,,,,,,,,,,,,,Number of of nucleotides between sample D and J sequences, ,,integer,,,,
,,,,,,,n1_length, ,,,,,,,,n1_length,,,,, ,,,,,,,,,,,,,,,,,,,Nucleotides 5' of the D-segment, ,,integer,,,,
,,,,,,,n2_length, ,,,,,,,,n2_length,,,,, ,,,,,,,,,,,,,,,,,,,Nucleotides 3' of the D-segment, ,,integer,,,,
,,,,,,,p3v_length, ,,,,,,,,p3v_length,,,,, ,,,,,,,,,,,,,,,,,,,Palindromic nucleotides 3' of the V-segment, ,,integer,,,,
,,,,,,,p5d_length, ,,,,,,,,p5d_length,,,,, ,,,,,,,,,,,,,,,,,,,Palindromic nucleotides 5' of the D-segment, ,,integer,,,,
,,,,,,,p3d_length, ,,,,,,,,p3d_length,,,,, ,,,,,,,,,,,,,,,,,,,Palindromic nucleotides 3' of the D-segment, ,,integer,,,,
,,,,,,,p5j_length, ,,,,,,,,p5j_length,,,,, ,,,,,,,,,,,,,,,,,,,Palindromic nucleotides 5' of the J-segment, ,,integer,,,,
,,,,,,,duplicate_count, ,,,,,,,,duplicate_count,,,,,N,,,,,,,,,,,,,,,,,,,Number of duplicate reads for this sequence, ,,integer,,,,
,,,,,,,consensus_count, ,,,,,,,,consensus_count,,,,, ,,,,,,,,,,,,,,,,,,,Number of reads contributing to the consensus for this sequence, ,,integer,,,,
,,,,,,,clone, ,,,,,,,,clone,,,,, ,,,,,,,,,,,,,,,,,,,Clone assignment for this sequence, ,,string,,,,
,,,,,,,,,,,,,,,,All of the iReceptor fields,,,,,,,,,,,,,,,,,,,,,,,,,,,,,,,
,,,,,,,,,,,junction_length_aa,junction_sequence_nt,,,,junction_lenght_aa,,,,,,,,,,,,,,,,,,,,,,,,,,,,,,,